from,to
0,9206
0,7787
0,2145
0,2684
0,7275
0,2498
0,5358
1,5506
1,1753
1,4361
1,2984
1,8978
1,2900
1,9151
1,3193
1,6160
1,8209
1,5682
1,4992
1,7668
1,2058
1,3164
1,2560
1,6009
1,8040
1,8873
1,1578
1,116
1,4611
1,3247
1,9407
1,3776
1,9206
1,7787
1,4575
1,4248
1,7482
1,3996
1,2152
1,7593
2,1638
2,7720
2,421
2,1276
2,7496
2,7278
2,8366
2,2794
2,3363
2,7787
2,9080
2,5822
2,2980
2,3722
2,8287
2,8803
2,6535
2,2816
2,6480
3,6522
3,8608
4,1638
4,893
4,654
4,7685
4,4042
4,2498
4,2145
4,4313
4,7787
4,3384
4,460
4,7216
4,4927
7804,1901
7804,1638
7804,8747
7804,1355
7804,7787
7804,4461
7804,3633
7804,1150
7804,6164
7804,3177
7804,30
7804,798
7804,5458
7804,6119
7804,2816
7804,8334
6,9206
6,3828
6,7958
6,2684
6,8554
6,343
6,1550
7,570
8,8996
8,4038
8,8810
8,6522
8,1638
8,7787
8,9056
8,7125
8,6832
8,7296
8,342
8,4213
8,2998
8,3374
9,7787
9,5798
9,7565
9,130
10,6911
10,1354
10,2914
10,5351
10,9236
10,5759
10,8976
10,527
10,7281
9270,7720
9270,1354
9270,7913
9270,1283
9270,4590
9270,225
9270,2732
9270,2980
9270,82
9270,9029
9270,4300
9270,5058
9270,5846
9270,2364
9270,1625
9270,7968
9270,4530
9270,1184
9270,3421
9270,4313
9270,255
9270,3641
9270,4139
9270,8803
9270,6174
9270,1276
9270,2295
9270,9048
11,5379
11,4484
11,7516
11,5477
11,2549
11,2867
11,798
11,6540
11,3901
11,4408
11,510
11,8448
11,4847
11,7996
11,2268
11,2347
11,1101
11,3055
11,3555
11,9349
11,1402
11,5266
11,8252
11,674
11,4722
11,3221
11,3859
11,4500
11,6535
11,3634
11,1185
11,8798
11,3073
11,3534
11,2076
11,8801
11,7091
11,3430
11,6176
11,1629
11,326
11,5805
11,3999
11,850
11,7729
11,1211
11,6108
11,6204
11,2234
11,477
11,8421
11,5264
11,3163
11,4375
11,480
11,1926
11,7756
11,9158
11,6175
11,4818
11,9398
11,8630
11,933
11,3321
11,3741
11,5834
11,2973
11,1453
11,493
11,5976
11,8753
11,2957
11,2930
11,6190
11,5208
11,7127
11,5589
11,8123
11,5763
11,6191
12,395
13,5743
13,4457
13,2914
13,7092
13,397
13,4201
13,3603
13,7087
13,8099
13,1433
13,8750
13,4099
13,4993
13,1286
13,1291
3092,1901
3092,4034
3092,5358
3092,9037
3092,1792
3092,1320
3092,7685
3092,3872
3092,5907
3092,1638
3092,748
3092,1988
3092,7055
3092,7286
3092,2381
3092,5057
3092,8287
3092,3178
3092,4377
3092,2998
3092,6154
3092,755
3092,4530
3092,6047
3092,5565
3092,64
3092,9423
3092,5033
3092,9206
3092,7787
3092,5846
3092,6652
3092,5408
3092,5893
3092,5181
16,3722
16,721
16,7278
16,2481
16,4042
16,3126
16,8803
16,7216
16,5846
16,2998
16,5849
16,7849
16,2636
16,898
16,7011
16,8386
16,7787
16,4315
16,6652
16,4068
16,1276
16,8769
16,9048
16,1638
16,7047
16,2019
16,5904
16,7733
16,4957
16,5667
16,3336
16,4348
16,3520
16,2092
16,7968
16,128
16,3378
16,3751
16,2533
16,6905
16,4823
16,5974
16,4320
16,4899
16,9481
16,2816
16,4253
16,3115
18,5918
18,343
19,209
19,6357
19,7820
19,2169
19,6522
19,7561
19,9390
19,8725
19,8611
19,8273
19,2420
20,4473
20,6152
20,2878
21,293
21,3326
21,738
21,5467
21,4038
21,5781
21,4918
21,3900
21,744
21,1027
21,1713
21,3617
21,154
21,7585
21,1538
21,7301
21,2353
21,2356
21,2202
21,7617
21,2464
21,1771
21,9335
21,4501
21,2048
21,8538
21,4788
21,2209
21,2121
21,3494
21,5494
21,3215
21,3793
21,6652
21,2366
21,3080
21,5358
21,3223
21,4220
21,2516
21,1061
21,9058
21,1638
21,9163
21,3367
21,2839
21,4811
21,7844
21,4348
21,5667
21,7039
21,8301
21,608
21,7235
21,1072
21,7968
21,2666
21,7493
21,4336
21,2533
21,5527
21,3822
21,5382
21,9080
21,8924
21,355
21,2813
21,5686
21,6250
21,2816
21,8723
21,7150
21,657
21,5253
21,82
21,1703
21,7840
21,7077
21,2929
21,8782
21,3734
21,4720
21,821
21,3711
21,4721
21,523
21,5854
21,430
21,7853
21,7998
21,2946
21,7707
21,2851
21,7317
21,8632
21,8803
21,7011
21,3292
21,1276
21,5723
21,9137
21,5613
21,9142
21,5573
21,7727
21,9223
21,854
21,3894
21,2733
21,8197
21,9241
21,4722
21,3589
21,1876
21,4452
21,6863
21,3751
21,7496
21,7229
21,2753
21,5893
21,2033
21,7649
21,6366
21,2107
21,5712
21,5884
21,7127
21,6931
21,8493
21,5568
21,5898
21,7130
21,6835
21,8558
21,6690
6167,8753
6167,7787
6167,2145
6167,4548
6167,6418
6167,2914
6167,9206
6167,4004
6167,5421
6167,5358
6167,7524
23,3061
23,7359
23,721
23,2277
23,2899
23,877
23,5421
23,48
23,8299
23,4591
23,8262
23,2349
23,8143
23,8872
24,8425
24,7820
24,7666
24,3032
24,4042
24,3173
24,4008
24,4312
24,8753
24,7787
24,2145
24,4248
24,8803
24,4139
24,3722
24,1874
25,8537
25,7604
25,2461
25,7638
25,6991
25,9115
25,3530
25,7794
25,7264
25,7750
25,8486
25,728
25,2603
25,2892
25,7350
27,2476
27,582
27,3477
27,8363
27,8531
27,3964
27,5767
27,1596
27,1322
27,8700
27,1897
27,2906
27,5331
27,4538
27,3203
27,5776
27,4673
27,4985
27,8979
27,5338
27,2064
27,4751
27,1613
27,318
27,8827
27,3069
27,2499
27,1931
27,9360
27,1887
27,6571
27,1490
27,617
27,5943
27,1626
27,8889
27,9096
27,5358
27,5719
27,3085
27,4519
27,2437
27,2234
27,189
27,3234
27,2235
27,2550
27,3945
27,7967
27,8723
27,4528
27,2805
27,7158
27,3376
27,2294
27,3529
27,8285
27,9133
27,8753
27,3789
27,5020
27,1871
27,8411
27,3962
27,8935
27,3838
27,3173
27,6909
27,164
27,6619
27,7208
27,8610
27,2417
27,2557
27,7504
27,513
27,3703
27,8451
27,9105
27,4267
27,2275
27,1969
27,3979
27,4238
27,7372
27,4560
27,7398
27,4133
27,2996
27,4315
27,2274
27,4576
27,5572
27,3131
27,1819
27,9266
27,9321
27,6334
27,5652
27,7697
27,8807
27,9078
27,4918
27,707
27,1285
27,6418
27,4446
27,8661
27,226
27,7250
27,6505
27,1642
27,8927
27,2872
27,7764
27,7631
27,6252
27,560
27,6817
27,188
27,4458
27,7416
27,5893
27,2264
27,2880
27,2881
27,1306
27,1010
27,2289
27,2474
27,3458
27,3514
27,5988
27,3460
27,9496
27,2333
28,7787
28,2696
28,1363
28,5508
28,5775
28,2816
160,3080
160,2302
160,266
160,1173
160,7958
160,2684
160,4298
160,8972
160,4004
160,419
160,1402
160,3948
160,8776
160,4995
160,6475
160,6011
160,3168
160,5346
160,8554
160,3828
160,3787
160,9206
160,7787
160,9285
160,6904
160,3771
160,1478
31,4929
31,4837
31,3804
31,5417
31,5522
31,4890
31,1115
31,5047
31,4821
31,8262
31,5019
31,5633
31,1615
1554,1499
1554,1664
1554,2914
1554,918
1554,7524
1554,7525
1554,631
1554,5838
1554,3587
1554,6840
1554,1761
1554,1763
1554,5925
1554,9354
1554,5815
1554,1376
1554,4006
1554,9484
1554,116
1554,5893
1554,5421
1554,6212
1554,8262
1554,2747
1554,4533
1554,7264
33,789
33,7787
33,2684
33,130
33,9206
34,1901
34,5927
34,2914
34,3822
34,4885
34,4547
34,5954
34,7900
34,7634
35,7968
35,2816
35,5561
35,2759
35,898
35,6989
35,6220
35,8554
35,7913
35,7011
35,5667
35,7787
35,7127
35,8493
35,5686
35,4348
35,8694
35,6652
36,4385
36,1277
36,5260
36,8740
36,8836
36,4547
36,5893
36,5640
36,390
36,3198
36,7787
36,9360
36,8250
36,7286
36,9288
36,7849
36,1276
36,4740
37,9206
38,1638
38,2474
38,2914
38,7900
39,4080
39,2034
39,3117
39,364
39,8531
39,3692
39,8810
39,9212
39,1638
39,5307
39,8030
39,3234
39,9391
39,304
39,1745
39,3341
39,755
39,721
39,7458
39,8862
39,2286
39,803
39,8262
39,2733
39,6652
39,8803
39,7510
39,2816
39,5865
39,6334
39,4215
40,1638
40,8787
40,9143
40,3023
40,5178
40,4042
40,2716
40,1584
40,8753
40,5474
40,2145
40,2258
40,2234
40,3234
40,617
40,5203
40,5293
40,5342
40,7775
41,7787
42,3811
42,8528
42,4038
42,7297
42,2481
42,8769
42,3551
42,257
42,3052
42,4571
42,1550
42,6854
42,4927
42,2492
42,7276
42,7454
42,1045
42,7301
42,7787
42,8803
42,6174
42,9440
42,7537
42,777
42,8498
42,7958
42,1436
42,269
42,7309
42,9197
42,8271
42,3096
42,3311
42,3023
42,1883
42,8589
42,2032
42,1986
42,1080
42,7665
42,8298
42,9331
42,8614
42,5687
42,7980
43,700
43,4406
43,4547
43,4918
43,5187
43,7988
43,7802
43,3088
43,309
43,8614
43,2285
43,8987
43,6845
43,8700
43,4451
43,6935
43,2804
43,4754
43,8789
43,7782
43,5797
43,5204
43,8753
43,7787
43,3603
43,4136
43,1096
43,6728
43,3143
44,7787
44,5358
44,178
45,5768
45,6212
46,1832
46,4555
46,8171
46,2458
46,2791
46,4742
46,7571
46,8949
46,8950
46,450
46,2063
46,1926
46,7878
46,8038
46,3061
46,6925
46,6359
46,5930
46,3072
46,2067
46,3172
46,2206
46,9403
46,3317
46,1850
46,459
46,1933
46,3271
46,3457
46,116
46,5597
46,1706
7922,6643
7922,7374
7922,6696
7922,5961
7922,368
7922,2436
47,6615
47,4038
47,2914
47,7720
47,4042
47,3804
47,1638
47,267
47,8614
47,1070
47,4927
47,6041
47,6925
47,4996
47,7216
47,2498
47,2630
47,7975
47,7787
47,2145
47,8230
47,9057
47,2813
47,5078
48,6041
48,8012
48,990
48,2899
48,2794
48,449
48,3301
48,8155
48,877
49,9206
49,5340
50,2083
50,6073
50,8460
50,3205
50,3234
50,4780
51,3080
51,6878
51,5388
51,7924
51,4038
51,9050
51,6931
51,2284
51,2919
51,2209
51,2744
51,621
51,1771
51,4004
51,8301
51,1624
51,9086
51,4280
52,8127
52,2481
52,7920
52,9320
52,8225
52,8366
52,6849
52,8468
52,6025
52,4533
53,1289
54,3502
54,7787
55,1766
55,7275
55,4128
55,2564
55,5178
55,6091
55,6426
55,9203
55,1584
55,1736
55,7787
55,2684
55,4298
55,9057
55,8301
55,2894
55,3352
55,4927
55,2998
55,4912
56,2914
56,7278
56,5117
56,7743
56,1638
56,7769
56,5667
56,8992
56,8782
56,6041
56,7867
56,7913
56,5846
56,5893
56,6522
56,5974
56,9206
56,8262
56,2498
56,4139
56,8803
56,8468
56,1276
57,6878
57,7047
57,1660
57,8554
57,847
57,65
57,4133
57,9340
57,8753
57,2362
57,2684
57,764
57,2839
57,430
57,6835
57,7787
58,6911
58,9258
58,9057
58,7216
58,7787
58,9352
59,7787
60,3173
60,654
60,4042
60,1835
60,9187
60,8614
60,3703
60,8700
60,7216
60,8782
60,2492
60,6366
60,4722
60,4751
60,5342
60,2498
60,6090
60,2143
60,3373
60,9206
60,7787
60,2145
60,460
60,8639
60,8276
60,1201
60,3734
60,6277
60,7326
60,1638
60,7891
60,3234
60,7714
60,8818
60,5884
60,8425
60,422
60,2092
60,8044
60,2753
60,721
60,7818
60,8753
60,1642
60,1455
60,7901
60,3994
60,5110
60,6893
60,7130
60,4927
61,7787
61,4553
61,1268
61,2604
61,192
61,6714
61,241
61,4485
61,7591
62,1725
63,8863
63,8354
63,6128
63,8756
63,2868
63,8987
63,7638
63,1114
63,116
63,3451
63,161
64,4034
64,3901
64,1792
64,5033
64,7953
64,830
64,4632
64,1988
64,82
64,4228
64,7327
64,6113
64,7600
64,755
64,6360
64,6174
64,5639
64,3278
64,9037
64,9056
64,1849
64,357
64,5758
64,5893
65,6896
65,8696
65,8832
65,2489
65,1095
65,6992
65,6070
65,3771
65,4920
65,7473
65,9101
65,3413
65,4193
65,2033
65,1404
65,6604
65,1923
65,7852
65,7622
65,385
65,9206
65,9124
65,764
65,8231
65,5940
65,2078
65,8478
65,983
65,5945
65,6178
65,5842
65,3223
65,4103
65,2655
65,1593
65,7731
65,8830
65,854
65,5087
65,5323
65,8693
65,4197
65,4602
65,3804
65,2294
65,6541
65,4077
65,2080
65,430
65,9490
65,5527
65,4104
65,5067
65,4167
65,8124
65,3462
1559,1638
1559,3928
1559,8262
1559,2454
1559,124
1559,5815
1559,8001
68,7787
69,9206
69,3327
69,4275
69,410
69,8602
69,3279
69,7672
69,637
70,6652
70,7787
70,7357
70,2816
8763,6307
8763,6496
8763,6083
8763,1096
8763,2854
8763,6426
8763,6057
8763,2684
8763,6998
8763,7275
8763,8452
8763,6470
8763,7736
8763,3776
8763,3557
8763,1733
8763,2852
8763,2356
8763,4419
8763,4461
8763,7625
8763,2143
8763,2872
8763,8328
8763,7787
8763,1094
8763,9021
8763,5460
8763,5419
8763,4904
8763,1430
8763,1312
8763,8579
71,1024
72,7275
72,2914
72,7278
72,7011
72,8769
72,3126
72,789
72,3617
72,7996
72,7840
72,7077
72,4004
72,3264
72,1605
72,8782
72,3218
72,4677
72,5710
72,898
72,5639
72,5148
72,7301
72,2736
72,7787
72,4791
72,8992
72,6652
72,8803
72,5444
72,1276
72,8324
72,110
72,3080
72,4792
72,6471
72,8732
72,6642
72,830
72,1638
72,4139
72,9464
72,2381
72,3722
72,8700
72,7555
72,412
72,4798
72,7968
72,128
72,876
72,6918
72,7047
72,2533
72,5893
72,8262
72,4320
72,7913
72,8924
72,2980
72,5898
72,7130
72,2816
72,5342
72,5177
72,121
73,3500
73,2452
73,2361
73,8420
74,8127
74,7720
74,5358
74,1752
74,2408
74,2914
74,8935
74,7278
74,657
74,1358
74,4150
74,6652
74,3234
74,2839
74,8862
74,9066
74,7216
74,1575
74,4927
74,2083
74,2064
74,7787
74,9402
74,2816
74,5342
74,3722
74,3032
74,9240
74,8157
74,1663
74,4139
74,8803
74,1276
74,5893
74,7477
75,1638
75,2145
75,2108
75,130
75,6228
75,7038
75,7924
75,2063
75,8335
75,1788
445,6041
445,7787
445,2145
445,7125
445,7275
445,4755
445,130
445,5568
445,3032
445,3301
445,7286
77,3117
77,6218
77,4305
77,7120
77,916
77,8445
77,7787
77,7525
77,2262
77,228
77,1626
77,9235
77,3173
7592,5156
7592,8329
7592,5854
7592,1945
78,7787
78,2415
78,6767
78,8287
78,7103
78,6963
78,2622
79,4313
79,7159
79,9440
79,7464
79,7913
79,2259
79,7399
79,9331
80,8021
80,5045
80,3731
80,843
80,2301
80,789
80,7158
80,4297
80,5704
80,5090
80,2209
80,4280
80,5965
80,188
80,6273
80,1376
80,3783
80,2753
80,5342
80,7186
80,2210
80,7787
80,2713
80,6572
80,9306
80,6064
81,7169
81,3311
81,4036
81,1201
81,2425
81,4951
81,7685
81,6883
81,9206
81,1223
81,5210
81,6548
81,9057
81,6353
81,2063
81,3742
81,7637
81,1142
82,4033
82,2081
82,6382
82,7602
82,4042
82,5769
82,5189
82,1173
82,5832
82,9047
82,3587
82,5774
82,8287
82,1550
82,3561
82,1765
82,5197
82,7615
82,5881
82,8531
82,607
82,2916
82,1771
82,2919
82,5209
82,6410
82,8803
82,7600
82,619
82,3691
82,1691
82,1792
82,3949
82,4530
82,255
82,2940
82,8498
82,6052
82,632
82,2381
82,3463
82,2946
82,8911
82,2387
82,2388
82,1224
82,3526
82,5237
82,1758
82,3855
82,7369
82,2535
82,110
82,4696
82,7921
82,8935
82,76
82,530
82,657
82,2791
82,7685
82,2980
82,8949
82,2929
82,4622
82,1049
82,5392
82,94
82,8301
82,98
82,4131
82,8025
82,101
82,4927
82,3440
82,8428
82,684
82,8314
82,4139
82,7715
82,2436
82,1820
82,2967
82,7720
82,5282
82,668
82,6991
82,7103
82,3632
82,7727
82,1285
82,8983
82,4154
82,740
82,5686
82,3581
82,3589
82,6512
82,128
82,1298
82,130
82,5303
82,2816
82,5893
82,721
82,3600
82,4168
82,3034
82,8454
82,6642
82,7127
82,7130
82,5904
82,7900
82,1901
82,7920
82,6815
82,4811
82,6539
82,3614
82,9216
82,1909
82,748
82,9056
82,7301
82,7774
82,2492
82,8378
82,3063
82,1922
82,161
82,6562
82,5342
82,9037
82,2498
82,4788
82,8119
82,8386
82,7787
82,7162
82,4547
82,6652
82,1936
82,9048
82,4080
82,5358
82,9051
82,4220
82,2459
82,7797
82,1135
82,3450
82,7180
82,6591
82,3126
82,6593
82,6820
82,200
82,8991
82,7047
82,6915
82,3100
82,941
82,5974
82,3106
82,798
82,1094
82,5387
82,5388
82,3115
82,4555
82,7077
82,3030
82,5948
82,4260
82,4261
82,2555
82,3994
82,2560
82,3917
82,3707
82,9328
82,1996
82,3136
82,1407
82,1999
82,3047
82,824
82,1411
82,3722
82,8262
82,4851
82,335
82,902
82,2665
82,7869
82,2011
82,7240
82,4875
82,9269
82,6660
82,3711
82,849
82,9446
82,269
82,9154
82,5382
82,6113
82,3745
82,1625
82,6041
82,6046
82,5449
82,3172
82,3173
82,1454
82,1455
82,8464
82,6684
82,5458
82,6059
82,5460
82,3762
82,3751
82,6067
82,7913
82,9120
82,2051
82,7280
82,6073
82,7286
82,1849
82,2998
82,5966
82,1480
82,4351
82,9206
82,6220
82,1926
82,5495
82,9057
82,1320
82,8773
82,3224
82,4038
82,919
82,9227
82,6108
82,2659
82,3809
82,9230
82,4327
82,7327
82,2663
82,4375
82,343
82,4348
82,8686
82,7968
82,2666
82,3617
82,3828
82,8012
82,4233
82,8597
82,2631
82,8424
82,7980
82,362
82,3844
82,3845
82,2125
82,5548
82,7362
82,374
82,8614
82,5923
82,378
82,4994
82,8622
82,3854
82,968
82,8006
82,7373
82,5761
82,5533
82,6855
82,2145
82,3862
82,9197
82,5573
82,398
82,6174
82,1276
82,1608
82,5482
82,989
82,1563
82,2159
82,6859
82,5033
82,2735
82,4452
82,2172
82,1003
82,8671
82,6200
82,6825
82,6349
82,2743
82,430
82,2455
82,2019
82,8556
82,3891
82,1015
82,6213
82,3326
82,3897
82,2759
82,7499
82,3032
82,440
82,6982
82,5542
82,2684
82,3909
82,5636
82,4677
82,7453
82,8969
82,1613
82,5092
82,8080
82,7458
82,7459
82,4303
82,2780
82,1639
82,3496
82,8090
82,5651
82,8724
82,2790
82,5290
82,3363
82,7479
82,4008
82,1638
82,5084
82,1064
82,6262
82,1642
82,5666
82,2904
82,483
82,4526
82,6270
82,8224
82,8924
82,1075
82,4336
82,6275
82,9404
82,8966
82,2986
82,6281
82,8121
82,7996
82,4541
82,1667
82,5778
82,9420
82,7764
82,2415
82,1096
82,3969
82,1837
82,508
82,5121
82,5122
82,5667
82,8687
82,1845
82,3975
82,2839
82,9439
82,7536
82,8782
82,6923
82,1110
82,5296
82,2279
82,9165
82,5141
82,6931
82,8402
82,529
82,6754
82,1698
82,6325
82,5148
82,8992
82,7555
82,3955
82,8162
82,9178
82,1710
82,286
82,5724
82,4001
82,8810
82,6346
82,2732
82,9325
82,6903
82,3336
82,4602
82,5519
82,1746
82,4017
82,6360
82,2316
82,5707
82,3454
82,8195
82,2889
82,5758
82,8468
82,2891
82,7264
82,8408
7818,4983
7818,3023
7818,654
7818,4792
7818,7720
7818,4042
7818,721
7818,2498
7818,1638
7818,5443
7818,6284
7818,2320
7818,5089
7818,3129
7818,1782
7818,7216
7818,2998
7818,3115
83,4099
83,2791
83,9058
83,2914
83,8742
84,6336
84,8244
84,7924
84,7102
84,2828
84,2284
84,397
84,7806
84,2980
84,3587
84,414
84,1607
84,2026
84,3561
84,5392
84,3335
84,5388
84,5339
84,3822
84,2463
84,9453
84,7419
84,4899
84,5597
84,1821
84,1259
84,8493
84,8803
84,4250
84,9070
84,8694
85,8202
85,1829
85,2371
85,3360
85,8810
85,6489
85,9227
85,7778
85,6957
85,1085
85,6623
85,2982
85,2604
85,4089
85,188
85,3948
85,2671
85,3173
85,7749
85,2209
85,7787
85,4899
85,3794
85,551
85,3459
85,2612
85,1746
85,4253
85,291
86,5249
86,2914
86,4056
86,6384
86,5576
86,3363
86,3032
86,6673
86,7787
86,9082
86,2854
86,4348
86,7286
87,1901
87,5648
87,7314
87,5924
87,6382
87,2914
87,6228
87,7562
87,7991
87,7101
87,1910
87,4252
87,1828
87,2558
87,8316
87,2056
87,3722
87,6429
87,7884
87,6724
87,8782
87,6117
87,2743
87,7453
87,7913
87,8750
87,5797
87,1900
87,2777
87,6727
87,5893
87,3070
87,2143
87,9206
87,8606
87,9057
87,2813
87,5388
87,4622
87,4732
87,2816
87,7980
87,9048
88,2636
88,898
88,2816
88,5974
88,3126
88,7011
88,8632
88,154
88,6652
88,9147
88,3292
88,1276
88,4927
89,8935
89,7275
89,364
89,2914
89,6989
89,5019
89,1285
89,1638
89,9227
89,1173
89,7125
89,2452
89,7286
89,8700
89,7216
89,617
89,4927
89,1332
89,4038
89,2064
89,430
89,7787
89,1550
89,5858
89,8810
89,6652
89,2684
89,7477
89,4298
90,7514
90,362
90,4038
90,2914
90,3575
90,7278
90,1262
90,6678
90,6578
90,6660
90,5255
90,4859
90,5023
90,8135
90,5733
90,5331
90,5507
90,3976
90,5706
90,1402
90,3868
90,6041
90,7662
90,5597
90,7006
90,9166
90,3633
90,4559
90,9206
90,7787
90,3455
90,2171
90,5185
90,4496
90,3627
90,7980
90,5312
91,5850
91,5358
91,1832
91,7715
91,7537
91,7787
91,2143
91,4313
91,5568
91,2684
91,8312
91,7077
91,9206
91,357
91,9441
91,4927
92,9008
92,5052
92,1669
92,2686
92,4543
92,5687
93,2648
93,1030
93,3340
93,9296
93,5798
93,3402
93,267
93,6349
93,4370
93,435
93,7960
93,4085
93,3457
93,6193
93,608
93,3719
93,8452
93,3139
93,2803
93,1374
93,4965
93,7787
93,1193
93,8554
93,3716
93,7500
93,1888
93,902
93,4909
93,872
93,3830
93,9042
93,6904
93,9130
93,3834
93,5111
93,3114
93,9294
94,1901
94,3326
94,2081
94,4038
94,1022
94,1199
94,7278
94,1027
94,3617
94,4046
94,2143
94,2692
94,4004
94,1605
94,4927
94,7600
94,7005
94,8531
94,3072
94,7154
94,2206
94,7301
94,7787
94,5493
94,2620
94,9057
94,8407
94,5651
94,6250
94,3080
94,4220
94,255
94,6106
94,6220
94,9058
94,7802
94,6869
94,8250
94,3771
94,2381
94,8803
94,2946
94,8862
94,4348
94,6174
94,1804
94,7968
94,2666
94,2452
94,4336
94,1520
94,8924
94,5875
94,8597
94,5686
94,6874
94,2816
94,4253
94,653
94,1095
94,657
94,2929
94,7685
94,789
94,2980
94,7840
94,7077
94,2839
94,5710
94,2560
94,1839
94,3707
94,8162
94,4998
94,2425
94,3047
94,5846
94,8468
94,8794
94,6642
94,4139
94,3722
94,7557
94,4804
94,2436
94,6652
94,668
94,5724
94,5573
94,5434
94,1436
94,6815
94,8992
94,5612
94,5853
94,1235
94,2914
94,3751
94,7499
94,2316
94,5893
94,7619
94,7894
94,2455
94,9076
94,9014
94,7900
94,4811
95,1720
95,7787
95,604
95,3455
95,7658
95,7275
95,2295
96,4401
96,2823
96,842
96,2122
96,2935
96,4329
96,5023
96,7055
96,2684
96,9191
96,7733
96,2864
96,8287
96,9029
96,6995
96,1840
96,4665
96,5299
96,7787
96,5243
96,8285
96,8753
96,1580
96,2851
96,2399
96,8195
96,730
96,8162
96,6982
96,4399
96,6453
96,7993
97,8298
97,6854
98,3080
98,3691
98,6379
98,8849
98,3972
98,4949
98,7720
98,1095
98,9220
98,2888
98,1567
98,6149
98,9058
98,4046
98,2684
98,721
98,1438
98,7275
98,4994
98,1541
98,1075
98,5267
98,3022
98,2175
98,5200
98,5885
98,7787
98,4097
98,5893
98,6989
98,5327
98,2205
98,683
98,4394
98,3900
98,9086
98,6270
99,1365
99,7720
99,3804
99,2100
99,7184
99,2655
99,8147
99,6954
99,9206
99,7787
99,8474
99,7381
99,8539
99,4993
99,7287
99,924
99,3149
99,8339
99,650
99,1000
99,6622
100,9354
100,3972
100,4227
100,2914
100,109
100,3376
100,5798
100,1291
100,9206
100,7787
100,3450
100,459
101,1901
101,7920
101,7275
101,1592
101,2914
101,6989
101,3614
101,149
101,1468
101,2340
101,8700
101,2684
101,6077
101,2196
101,4038
101,9354
101,309
101,4751
101,2498
101,7787
101,8614
101,4207
101,657
101,6652
101,7790
101,7167
101,5875
101,3799
101,1056
101,8094
101,4220
101,9057
101,6886
101,3126
101,3234
101,7038
101,2237
101,3759
101,7968
101,7127
101,5967
101,1224
101,4336
101,7913
101,5421
101,208
101,8764
101,4991
101,4979
101,8935
101,1829
101,2415
101,4947
101,5395
101,950
101,7685
101,9265
101,7362
101,2980
101,4555
101,2839
101,5123
101,962
101,2560
101,7536
101,3707
101,5266
101,1544
101,4722
101,3047
101,4440
101,7548
101,2145
101,685
101,2148
101,4139
101,8803
101,6174
101,5721
101,1276
101,1228
101,2296
101,6816
101,1132
101,5724
101,4001
101,8655
101,9188
101,269
101,1724
101,8282
101,6353
101,1728
101,4601
101,7888
101,6041
101,128
101,3301
101,3751
101,2816
101,5893
101,3173
101,3032
101,430
101,8051
101,8195
101,5458
101,5613
101,668
101,6837
101,121
7848,6041
7848,3264
7848,844
7848,7275
7848,4038
7848,1883
7848,7787
7848,8233
102,8869
102,2914
102,8916
102,3291
102,7137
102,4310
102,6288
102,9206
102,7787
102,3384
102,2433
102,8614
102,5110
102,6920
102,3536
102,2092
102,8782
102,275
102,4912
103,7787
104,7787
104,5358
105,3447
105,5991
105,2008
105,2914
105,4433
105,3577
105,674
105,2919
105,3872
105,1777
105,1307
105,8030
105,461
105,5388
105,3704
105,9168
105,8234
105,6826
105,1978
105,5875
105,9070
1565,6802
1565,7316
1565,4038
1565,2914
1565,8154
1565,4790
1565,2302
1565,4408
1565,848
1565,1680
1565,541
1565,343
1565,2519
1565,6669
1565,1513
1565,2209
1565,7787
1565,8262
1565,4247
1565,1094
1565,8052
1565,5863
1565,6837
1565,8579
107,1901
107,3061
107,3762
107,7984
107,2573
107,7278
107,426
107,700
107,3126
107,8135
107,154
107,2886
107,3663
107,2929
107,3336
107,3269
107,4927
107,6782
107,7968
107,8979
107,2816
107,5904
107,2636
107,3751
107,2177
107,7390
107,4501
107,7936
107,1859
107,8753
107,7787
107,1852
107,8924
107,2846
107,2109
107,6652
107,898
107,9156
107,1276
107,5919
107,6665
108,1624
108,1466
108,2794
108,8408
110,3326
110,4406
110,7278
110,8287
110,2349
110,1605
110,3483
110,4677
110,2501
110,8335
110,6863
110,7306
110,7301
110,7787
110,3494
110,9057
110,7632
110,5444
110,7018
110,6250
110,7537
110,4877
110,7326
110,6652
110,812
110,2381
110,5667
110,15
110,7968
110,6270
110,4237
110,6642
110,9402
110,1542
110,2533
110,4622
110,8924
110,3387
110,1233
110,3536
110,4139
110,2816
110,4555
110,1095
110,657
110,2791
110,4708
110,2980
110,7077
110,5631
110,1540
110,3138
110,3218
110,8162
110,4722
110,3917
110,3717
110,2143
110,2059
110,4863
110,3990
110,5573
110,8803
110,6174
110,1276
110,4435
110,7097
110,8597
110,5685
110,8071
110,269
110,1402
110,2455
110,8992
110,1293
110,4798
110,5304
110,5893
110,3822
110,570
110,4899
110,6059
110,8521
110,8842
110,6591
111,7787
111,4912
111,7269
111,3032
111,2816
111,6690
112,7787
112,7301
112,3648
112,364
112,9057
8642,7514
8642,5156
8642,4038
8642,1095
8642,6905
8642,3440
8642,3010
8642,7208
8642,3698
8642,9325
8642,5054
8642,8450
8642,6003
8642,662
8642,128
8642,3447
8642,2805
8642,203
8642,6087
8642,6519
8642,409
8642,9168
8642,3176
8642,7795
8642,1307
8642,8262
8642,1664
8642,5388
8642,5499
8642,8257
8642,8301
8642,3115
5991,8521
5991,4152
113,8166
113,9296
113,1030
113,9384
113,6336
113,1262
113,1861
113,953
113,1138
113,3938
113,3402
113,8284
113,7362
113,4370
113,854
113,5326
113,192
113,8175
113,4103
113,472
113,4602
113,8184
113,2708
113,3139
113,2002
113,7624
113,7861
113,7157
113,6794
113,5514
113,6870
113,6284
113,7308
113,9294
113,4696
113,3114
113,3894
6186,2583
6186,5992
6186,3044
6186,6429
6186,4298
6186,9208
6186,5502
6186,4336
6186,5960
6186,8390
6186,7900
115,7181
115,5467
115,1374
115,2843
115,902
117,5113
117,2980
117,3477
117,9152
117,2914
117,1235
117,4042
117,4008
117,1285
117,6195
117,957
117,3708
117,278
117,3052
117,7840
117,3234
117,858
117,4927
117,8414
117,1638
117,2586
117,4646
117,30
117,8550
117,723
117,1420
117,9206
117,7462
117,6281
117,9331
117,8907
117,2352
117,5613
117,7980
118,617
118,1550
118,8257
118,4298
118,7398
119,8425
119,3710
119,4038
119,8916
119,8917
119,1150
119,3221
119,8803
119,6449
119,5961
119,6652
119,8862
119,2816
119,3707
120,1901
120,1829
120,7275
120,4038
120,2914
120,6989
120,1095
120,3126
120,3973
120,2344
120,2980
120,4004
120,2081
120,4927
120,9354
120,1110
120,4722
120,6406
120,868
120,4377
120,798
120,2498
120,2143
120,2209
120,2286
120,7278
120,9241
120,8262
120,460
120,9057
120,4139
120,8803
120,1276
120,2460
120,6874
120,668
120,9217
120,8010
120,7399
120,5954
120,848
120,9405
120,1638
120,6652
120,7420
120,269
120,4298
120,3234
120,8665
120,2168
120,4348
120,7968
120,7787
120,1808
120,9227
120,5893
120,3589
120,5956
120,9287
120,1015
120,8924
120,6611
120,2816
120,7980
121,2914
121,586
121,1468
121,1758
121,2487
121,7345
121,7145
121,3623
121,7149
121,9354
121,8545
121,7005
121,2759
121,1578
121,3097
121,8080
121,5327
121,7459
121,8328
121,30
121,7959
121,7092
121,9057
121,4068
121,8721
121,2366
121,6299
121,1691
121,3358
121,3360
121,716
121,6678
121,7326
121,4008
121,1734
121,1638
121,9060
121,5227
121,9391
121,8411
121,5095
121,2805
121,128
121,9287
121,5976
121,4971
121,4537
121,256
121,5388
121,1233
121,5389
121,2025
121,6827
121,6907
121,9090
121,721
121,9468
121,1095
121,657
121,4093
121,2980
121,5260
121,1989
121,3973
121,8782
121,519
121,7697
121,1544
121,8299
121,7595
121,389
121,2059
121,528
121,8262
121,4354
121,2315
121,7956
121,8803
121,3481
121,1276
121,7239
121,3061
121,2860
121,2140
121,6660
121,9473
121,2303
121,7125
121,8988
121,2869
121,1285
121,2874
121,6252
121,5887
121,9410
121,9423
121,1453
121,7889
121,3601
121,7980
121,6661
121,2748
121,7755
121,3115
121,8329
122,2515
122,224
122,421
122,2669
122,4220
122,8836
122,5117
122,1467
122,4218
122,7176
122,2059
122,9206
122,8529
122,6132
122,740
122,6573
122,8782
123,8696
123,885
123,5027
123,9393
123,7958
123,3772
123,9101
123,8091
123,8497
123,6316
123,1107
123,6783
123,4125
123,7116
123,2987
123,2202
123,3487
123,8554
123,430
123,6282
123,5178
123,8392
123,1239
123,6665
124,5465
124,2758
124,2121
124,5117
124,7524
124,8610
124,5628
124,1175
124,1726
124,342
124,1402
124,308
124,5815
124,801
124,9454
124,2429
124,8328
124,4851
124,3568
124,6652
124,1663
124,2854
124,8397
124,3928
124,7561
124,696
124,3434
124,848
124,1569
124,2091
124,782
124,3234
124,7735
124,8334
124,6230
124,9362
124,4163
124,1732
124,188
124,2805
124,5520
124,5893
124,8753
124,254
124,2589
124,5038
124,5460
124,5463
124,9177
125,7814
125,1635
125,2914
125,6989
125,8589
125,1771
125,6522
125,9206
125,7787
125,2452
125,7840
125,8574
125,1505
125,3851
125,1954
125,8700
126,6270
126,8914
126,1406
126,7561
126,4461
126,488
126,5548
126,9206
126,7787
126,6991
126,7958
126,8154
126,3234
126,821
126,2907
126,7145
126,4959
126,5384
126,7980
126,6856
126,2574
127,7968
127,3909
127,898
127,7497
127,2816
127,6535
127,2829
127,5974
127,1638
127,6652
127,154
127,8803
127,2839
127,8632
127,3722
127,4139
127,1276
127,4320
128,4034
128,6067
128,4039
128,586
128,6991
128,7415
128,1172
128,1758
128,7889
128,7870
128,5841
128,8287
128,9193
128,5481
128,7290
128,4227
128,4056
128,899
128,3783
128,2067
128,7278
128,689
128,6728
128,5495
128,4067
128,1365
128,5214
128,2365
128,3501
128,5216
128,7019
128,2366
128,8891
128,8893
128,4362
128,3226
128,1123
128,3229
128,338
128,2659
128,2661
128,6160
128,7839
128,746
128,312
128,7329
128,2086
128,6049
128,5417
128,5236
128,3617
128,1276
128,7913
128,1962
128,4689
128,6394
128,2403
128,2736
128,2686
128,7350
128,5540
128,8726
128,2860
128,8119
128,8614
128,7191
128,5710
128,379
128,3270
128,2132
128,9299
128,4417
128,674
128,1279
128,6478
128,1848
128,4587
128,682
128,4137
128,3568
128,5573
128,7714
128,4432
128,8319
128,5869
128,695
128,8296
128,5873
128,7399
128,9165
128,3011
128,3007
128,2161
128,3580
128,1285
128,5878
128,5314
128,6506
128,2602
128,4454
128,8425
128,1880
128,499
128,7569
128,607
128,132
128,5071
128,8680
128,6831
128,9331
128,9014
128,1898
128,8329
128,4698
128,738
128,4369
128,8363
128,2761
128,5515
128,926
128,8066
128,1601
128,8961
128,7145
128,8374
128,5335
128,7453
128,6767
128,4500
128,7203
128,3634
128,4496
128,459
128,8716
128,5351
128,3400
128,3643
128,2874
128,8090
128,5946
128,1629
128,1353
128,5253
128,7909
128,776
128,3363
128,7326
128,473
128,7802
128,7179
128,3088
128,1065
128,259
128,9390
128,8862
128,4231
128,1954
128,200
128,5095
128,486
128,9398
128,7047
128,6116
128,5676
128,5449
128,9287
128,1145
128,374
128,5389
128,9048
128,6907
128,4837
128,7515
128,4258
128,2496
128,8766
128,7521
128,4844
128,223
128,7303
128,3404
128,3115
128,1979
128,1399
128,5706
128,4280
128,1108
128,7540
128,818
128,3746
128,2564
128,9353
128,4275
128,6641
128,6638
128,4909
128,8051
128,4882
128,5149
128,6645
128,8803
128,5849
128,2857
128,7982
128,8484
128,7562
128,9274
128,8171
128,8172
128,4002
128,1716
128,8299
128,1718
128,2583
128,7424
128,9149
128,3439
128,9152
128,858
128,8247
128,7630
128,8825
128,6041
128,8781
128,7705
128,3451
128,9410
128,2316
128,7893
128,1453
128,2319
128,8122
128,8147
128,4025
128,1219
128,5458
128,1905
128,5589
128,2328
128,6963
128,4055
8788,1860
8788,309
8788,364
8788,983
8788,1276
8788,721
8788,1878
8788,4329
8788,1638
8788,2908
8788,5275
8788,7840
8788,2839
8788,7038
8788,8209
8788,8911
8788,8954
8788,2591
8788,4889
129,9206
129,8328
129,7958
129,2452
130,3574
130,5042
130,583
130,3465
130,9179
130,2357
130,6383
130,5550
130,5768
130,7327
130,6379
130,6796
130,3877
130,9190
130,4613
130,4922
130,890
130,4335
130,3477
130,5776
130,4300
130,6394
130,896
130,3466
130,2464
130,8551
130,4933
130,5806
130,9035
130,5148
130,7941
130,8232
130,8233
130,9146
130,6338
130,9096
130,6000
130,912
130,2371
130,3224
130,1416
130,629
130,2378
130,5226
130,5108
130,7898
130,9229
130,1027
130,8576
130,7915
130,4382
130,7040
130,7415
130,2096
130,204
130,6195
130,3524
130,8400
130,3820
130,4383
130,1069
130,2958
130,1526
130,1730
130,3675
130,1799
130,8924
130,621
130,6020
130,1566
130,4976
130,2686
130,193
130,9343
130,367
130,7358
130,985
130,2412
130,7994
130,9269
130,6586
130,8949
130,5845
130,7587
130,4122
130,672
130,9476
130,5558
130,3909
130,4722
130,5853
130,8310
130,972
130,5566
130,2428
130,2995
130,7029
130,7382
130,9148
130,7708
130,6168
130,2927
130,8312
130,3289
130,3570
130,2153
130,8974
130,4435
130,8024
130,6660
130,5286
130,6500
130,5023
130,4397
130,2493
130,6505
130,4156
130,2168
130,3021
130,1876
130,5684
130,7617
130,5298
130,2175
130,9319
130,1300
130,4241
130,8044
130,116
130,5893
130,3030
130,2179
130,2468
130,1012
130,3754
130,1309
130,2581
130,4544
130,5469
130,9334
130,7428
130,5587
130,5315
130,8051
130,5317
130,6219
130,7681
130,2761
130,6993
130,6223
130,5624
130,5679
130,8067
130,2684
130,1601
130,5545
130,8150
130,1035
130,3864
130,8378
130,5061
130,7168
130,4343
130,2499
130,2773
130,5346
130,6246
130,5846
130,9368
130,4624
130,766
130,8009
130,3645
130,662
130,1056
130,1354
130,6700
130,2793
130,5660
130,8428
130,3085
130,1587
130,5742
130,9265
130,8742
130,6766
130,8862
130,3945
130,6230
130,7491
130,286
130,2314
130,5801
130,1373
130,2241
130,1378
130,8113
130,2524
130,4823
130,5382
130,3106
130,6901
130,3250
130,3386
130,7104
130,9085
130,8122
130,7198
130,5888
130,6288
130,8638
130,7829
130,1294
130,8440
130,1531
130,5993
130,6741
130,9055
130,2520
130,1364
130,687
130,2267
130,6306
130,392
130,513
130,1100
130,6671
130,9105
130,8435
130,6923
130,9110
130,6925
130,3746
130,8892
130,6055
130,6931
130,8791
130,3986
130,3718
130,7228
130,1488
130,8474
130,3656
130,4626
130,9364
130,3896
130,1423
130,566
130,7590
130,6954
130,844
130,9142
130,846
130,2471
130,177
130,7692
130,2154
130,2584
130,8815
130,2025
130,9478
130,3918
130,7438
130,2305
130,9058
130,3857
130,6356
130,6161
130,6359
130,8462
130,7579
130,7229
130,7582
130,6364
130,6054
130,3773
130,9171
130,6976
130,3994
130,3757
130,7901
130,5459
130,3025
130,6967
130,195
130,3181
131,1901
131,5359
131,8531
131,7787
131,4587
131,5117
131,3440
131,6487
131,6522
131,3580
131,9272
131,7802
131,262
131,2867
131,7296
131,9106
131,1939
131,3520
131,7900
131,6096
8474,5061
8474,7275
8474,2914
8474,4042
8474,7787
8474,2684
8474,1641
8474,5029
8474,4530
8474,7286
132,5358
132,4038
132,3361
132,2794
132,9437
132,2727
132,9058
132,6187
132,6994
132,1436
132,9006
132,6749
132,4004
132,5738
132,2872
132,4016
132,9086
132,2705
132,5568
132,7459
132,4559
132,7787
132,5597
132,2684
132,5388
132,7633
132,8056
132,3891
132,939
132,9230
133,1544
133,4344
133,9239
133,1568
133,6894
133,1476
133,4550
133,2250
133,3459
133,7468
133,999
133,1402
134,9206
134,7787
134,8040
134,9070
135,3828
135,5663
135,2684
135,1324
135,5178
135,1550
135,7715
135,7822
135,7963
136,3081
136,3763
136,755
136,8957
136,5749
136,4757
136,9033
136,9475
136,4829
136,4525
136,2503
136,6982
136,5335
136,2364
137,2210
137,4853
137,3038
137,5020
137,5395
137,1522
138,9396
138,7787
138,7286
138,8450
138,2931
138,5178
138,4200
138,2655
138,7492
7535,9206
7535,1580
7535,7275
7535,4912
7535,7787
7535,5574
7535,6764
7535,1321
7535,7900
139,8349
139,3931
139,2262
140,6041
140,5358
140,422
140,6904
140,2914
140,430
140,5342
140,5421
140,2865
140,9206
140,7787
140,3790
140,7958
140,2452
140,8987
140,5568
140,3223
140,6762
141,9206
141,3484
141,3277
141,6088
141,8939
141,5659
141,1049
141,9340
141,2406
142,5655
142,3223
142,9053
142,6023
142,6739
142,1321
142,2684
142,4175
142,7275
142,4050
142,2666
142,8971
142,2914
142,1844
142,8554
142,7624
142,5384
142,7787
142,3109
142,6959
142,3798
142,3869
9460,2523
9460,5388
144,3043
144,6324
144,2047
144,7205
144,7297
144,7303
144,3900
144,2068
144,4632
144,3617
144,7141
144,888
144,2684
144,2919
144,594
144,5775
144,5847
144,2063
144,4927
144,672
144,405
144,5200
144,1613
144,7787
144,2931
144,1771
144,9020
144,7765
144,3634
144,2501
144,7629
144,7162
144,5210
144,8718
144,4657
144,4211
144,3644
144,6154
144,2502
144,4080
144,177
144,8893
144,2222
144,1202
144,1501
144,6619
144,1123
144,9057
144,2580
144,4439
144,9058
144,9227
144,6889
144,7036
144,8742
144,7038
144,4958
144,4675
144,430
144,1511
144,8954
144,7428
144,7187
144,1620
144,8915
144,2267
144,8096
144,5243
144,4549
144,3677
144,3974
144,1081
144,4097
144,8922
144,8344
144,6131
144,802
144,3831
144,8287
144,2366
144,4847
144,4271
144,3839
144,4404
144,5750
144,9055
144,1691
144,812
144,789
144,3698
144,6306
144,8288
144,3684
144,4555
144,3623
144,4557
144,8779
144,819
144,4280
144,1402
144,3557
144,2275
144,6925
144,2911
144,5838
144,8892
144,8628
144,824
144,3138
144,6320
144,8402
144,2141
144,6389
144,965
144,8470
144,6793
144,3288
144,4863
144,5560
144,8810
144,8611
144,8162
144,1520
144,4101
144,7993
144,7697
144,2156
144,6754
144,6031
144,9265
144,5470
144,4729
144,848
144,4004
144,1285
144,4743
144,1665
144,9152
144,2591
144,556
144,4889
144,2172
144,7797
144,3861
144,8043
144,9060
144,1561
144,2159
144,1580
144,1994
144,9130
144,7126
144,8952
144,1894
144,2520
144,3181
144,7900
144,8565
146,2108
146,5358
146,2980
146,249
146,3722
146,1233
146,8803
146,6052
146,795
147,8753
147,8614
147,7640
147,4819
147,4576
147,6089
147,7978
147,4042
147,2917
147,5893
147,1584
148,4963
148,1499
148,747
148,497
148,6478
148,5019
148,1900
148,8468
148,8782
148,4347
148,278
149,1829
149,3841
149,5993
149,6071
149,3771
149,5997
149,6151
149,5190
149,664
149,4935
149,2910
149,7629
149,4007
149,8301
149,1071
149,2281
149,2209
149,7787
149,7551
149,5861
149,6886
149,7557
149,8202
149,3691
149,989
149,6489
149,1135
149,8498
149,3620
149,6957
149,786
149,3018
149,2096
149,4089
149,188
149,3948
149,261
149,5450
149,2612
149,9272
149,2602
149,2744
149,8353
149,3182
149,4253
149,4321
150,3242
150,654
150,7720
150,681
150,1260
150,2124
150,3088
150,1455
150,7284
150,5493
150,908
150,1276
150,2425
9112,3933
9112,2933
9112,7216
151,8753
151,2666
151,168
151,4751
151,7787
151,6384
151,4912
151,5052
151,2145
151,2915
152,9206
152,4602
152,8693
152,5527
153,1901
153,3340
153,2914
153,2481
153,7685
153,7524
153,7208
153,6077
153,7679
153,815
153,3834
153,8287
153,2700
153,1687
153,2743
153,8257
153,8300
153,2425
153,1925
153,5565
153,4471
153,6949
153,1698
153,7787
153,460
153,6315
153,2148
153,2716
153,6728
153,6643
153,9049
153,3363
153,4076
153,6804
153,404
153,830
153,6320
153,7802
153,617
153,2452
153,7525
153,2304
153,5389
153,8700
153,3719
153,8821
153,8366
153,2872
153,4454
153,6270
153,3567
153,5961
153,5893
153,208
153,5306
153,8753
153,8350
153,4394
153,5458
153,3534
153,2234
153,6210
153,8027
153,5203
153,7900
154,7275
154,4038
154,2914
154,6989
154,7278
154,1755
154,9187
154,7921
154,7610
154,2910
154,4052
154,4929
154,2636
154,898
154,899
154,4348
154,7011
154,9206
154,2643
154,9057
154,3795
154,4658
154,2933
154,1276
154,331
154,426
154,2708
154,6324
154,7747
154,4139
154,3512
154,4957
154,341
154,8632
154,4377
154,7968
154,4630
154,347
154,4237
154,5474
154,2392
154,5237
154,7913
154,6759
154,5676
154,3789
154,6449
154,7286
154,2980
154,7077
154,7191
154,7368
154,7697
154,8301
154,4276
154,6792
154,4927
154,711
154,7710
154,7091
154,8017
154,1228
154,355
154,3061
154,5842
154,1862
154,4729
154,1285
154,8121
154,8329
154,2733
154,6812
154,8667
154,8992
154,4452
154,5821
154,7745
154,5893
154,9006
154,8050
154,728
154,6906
154,269
154,7131
154,3068
154,7428
154,4768
154,1901
154,3032
154,9021
154,1897
154,5919
154,2684
154,5629
154,4004
154,8704
154,7787
154,9335
154,4501
154,3633
154,4303
154,7462
154,2502
154,6652
154,4796
154,5355
154,8090
154,5358
154,2221
154,1638
154,7180
154,1642
154,4043
154,5667
154,5398
154,1370
154,2600
154,6305
154,1075
154,7047
154,7497
154,5974
154,3185
154,798
154,5388
154,7730
154,8122
154,2816
154,4803
154,514
154,2257
154,7516
154,5506
154,506
154,1676
154,2568
154,3126
154,2831
154,2266
154,8803
154,7603
154,7840
154,2269
154,3218
154,6314
154,1108
154,9165
154,8468
154,1470
154,1699
154,8262
154,2662
154,7557
154,6119
154,4869
154,2275
154,4587
154,8934
154,7571
154,4601
154,7631
154,861
154,9483
154,8506
154,9227
154,3173
154,4613
154,8513
154,5270
154,8700
154,6982
154,4320
8186,7240
8186,7720
8186,5358
8186,3734
8186,9274
8186,7913
8186,2791
8186,2929
8186,2980
8186,9227
8186,4297
8186,4298
8186,3234
8186,2839
8186,2560
8186,6069
8186,4716
8186,4927
8186,2083
8186,1996
8186,5893
8186,269
8186,7052
8186,8753
8186,7787
8186,2145
8186,9057
8186,2234
8186,5229
155,1434
155,7350
155,9476
155,1285
155,9205
156,4381
156,3781
156,5097
156,9402
156,2932
156,4042
156,4008
156,3179
156,4637
156,3722
156,935
156,859
156,4927
156,3115
157,3494
157,7571
157,8795
7456,197
158,1901
158,632
158,1212
158,5783
158,8810
158,7900
158,902
30,738
30,4038
30,8851
30,2481
30,7763
30,1303
30,6379
30,2763
30,5330
30,2056
30,8214
30,5923
30,597
30,1036
30,3912
30,2018
30,6624
30,607
30,1661
30,859
30,4787
30,1188
30,1045
30,7119
30,6955
30,7787
30,5207
30,1050
30,1293
30,4209
30,7944
30,6869
30,8088
30,2505
30,6040
30,7639
30,3222
30,7918
30,6008
30,321
30,1944
30,830
30,5160
30,1638
30,1064
30,2523
30,7714
30,5961
30,1807
30,1804
30,4235
30,7333
30,2687
30,5098
30,1080
30,6759
30,374
30,356
30,8121
30,7691
30,8599
30,6451
30,7980
30,8724
30,7513
30,4837
30,5311
30,5249
30,6097
30,7150
30,1096
30,7357
30,2839
30,5361
30,8803
30,4828
30,2980
30,664
30,9429
30,819
30,5556
30,3709
30,4313
30,1406
30,1999
30,9165
30,9041
30,3520
30,6325
30,8552
30,247
30,5504
30,9013
30,3722
30,5421
30,67
30,8644
30,1711
30,4903
30,8324
30,7902
30,1291
30,6348
30,4297
30,412
30,1026
30,4051
30,5293
30,858
30,8992
30,6512
30,2737
30,5595
30,4602
30,220
30,2032
30,168
30,269
30,7895
30,4026
30,3955
30,9481
30,4889
30,7253
30,6434
30,3443
30,8316
161,1199
161,8954
161,7844
161,7279
161,1170
161,7883
161,4904
161,2713
161,4640
161,2063
161,5633
161,472
161,5927
161,8470
161,8221
161,6767
161,1925
161,2206
161,8080
161,8071
161,1486
161,3271
161,7308
161,8559
161,3645
161,6413
161,6874
161,4367
161,1354
161,6678
161,5299
161,6883
161,6673
161,4311
161,782
161,5468
161,7915
161,194
161,8256
161,5665
161,2388
161,4089
161,1075
161,3676
161,6047
161,6443
161,7787
161,2129
161,4825
161,209
161,3079
161,7056
161,1665
161,2546
161,360
161,2034
161,5249
161,6297
161,2791
161,8687
161,7996
161,9006
161,4750
161,3133
161,1542
161,2352
161,1994
161,5850
161,4566
161,5835
161,5749
161,1844
161,7447
161,241
161,2428
161,5144
161,4281
161,5148
161,7090
161,7559
161,4435
161,6337
161,7399
161,8810
161,2864
161,1285
161,830
161,2304
161,2488
161,8374
161,1874
161,2872
161,3745
161,5947
161,1880
161,3884
161,5759
161,6361
161,116
161,8832
161,5227
161,723
161,3178
161,5239
161,5176
161,1309
161,2748
161,5589
161,9014
161,1088
161,9021
161,143
162,1771
163,8753
163,4912
165,1638
165,8803
165,721
165,2816
165,8810
166,8296
166,4363
166,8810
166,6991
166,5388
166,4008
166,1638
166,8287
166,8787
166,1798
166,1454
166,7145
166,4556
166,5403
166,1049
166,8730
166,2064
166,7787
166,7296
166,8262
166,3986
166,6089
166,798
166,7869
166,5565
166,2149
166,67
166,7900
167,8527
167,7275
167,7844
167,6989
167,9060
167,2684
167,6622
167,3234
167,8700
167,3450
167,6714
167,7536
167,4927
167,1402
167,8805
167,2423
167,2425
167,3617
167,9164
167,5893
167,7749
167,2636
167,5100
167,7787
167,7126
167,6652
167,8639
167,2816
167,4298
168,8527
168,6382
168,2914
168,6989
168,4408
168,7685
168,1468
168,5474
168,554
168,7782
168,379
168,7082
168,1478
168,2353
168,5728
168,5519
168,3136
168,7617
168,3596
168,389
168,1713
168,7787
168,9285
168,4207
168,7775
168,1856
168,7162
168,9245
168,8704
168,466
168,7547
168,3604
168,1202
168,4423
168,6619
168,4918
168,5224
168,6475
168,4283
168,5972
168,1638
168,7952
168,4446
168,7958
168,477
168,2361
168,213
168,6399
168,8581
168,6660
168,1513
168,3817
168,188
168,2891
168,5821
168,5676
168,4762
168,9404
168,643
168,4551
168,4313
168,1739
168,5831
168,8012
168,2811
168,7891
168,3535
168,4747
168,1976
168,1460
168,1588
168,7884
8831,7513
169,3763
169,8119
169,9288
170,4672
170,5029
171,7787
172,6041
172,8813
172,5358
172,3749
172,1261
172,1025
172,5208
172,9206
172,430
172,5798
172,2980
172,6733
172,1101
172,6291
172,5805
172,8203
172,2452
173,7720
173,177
173,7924
173,7913
173,6270
173,8209
173,8700
173,3473
173,1436
173,7840
173,8287
173,343
173,8106
173,8162
173,6041
173,7797
173,8006
173,7373
173,5449
173,4130
173,5893
173,2919
173,7787
173,1490
173,3926
174,4306
174,2816
174,4001
174,7278
174,1276
174,7720
174,2498
174,6566
174,3126
174,1638
174,7787
174,6281
174,2980
174,3722
174,8262
174,8803
174,7130
174,1763
174,6652
175,2169
175,359
7893,1962
7893,8282
7893,5203
7893,6767
7893,6912
7893,7787
7893,974
7893,1476
7893,2449
7893,7341
7893,4154
7893,4775
7893,1370
7893,4440
7893,8522
7893,7166
7893,1127
7893,2414
176,4271
176,1832
176,3802
176,3101
176,8363
176,3360
176,9427
176,6741
176,9430
176,6810
176,8940
176,2295
176,4370
176,5160
176,435
176,8949
176,2262
176,7662
176,7040
176,9382
176,9441
176,3172
176,3593
176,9319
176,5972
176,5450
176,7416
176,7915
176,6723
176,6628
176,1660
176,4901
176,9247
176,5899
176,5175
176,7789
176,8352
176,288
176,195
176,3383
177,6878
177,116
177,8531
177,6989
177,7278
177,1196
177,4957
177,5769
177,535
177,243
177,5474
177,1758
177,1759
177,7286
177,8287
177,2063
177,3776
177,5341
177,2353
177,4281
177,5444
177,309
177,7617
177,899
177,1771
177,2360
177,4913
177,2919
177,7301
177,9206
177,7303
177,9116
177,6728
177,5210
177,9208
177,7602
177,5388
177,1073
177,2646
177,619
177,5875
177,5560
177,1691
177,7315
177,8773
177,3505
177,1202
177,8258
177,850
177,8498
177,5573
177,5227
177,3514
177,4518
177,6749
177,7038
177,3519
177,1804
177,2666
177,6274
177,4094
177,4683
177,7491
177,4096
177,6154
177,3855
177,8589
177,3473
177,7056
177,6020
177,6811
177,8195
177,6764
177,6827
177,4698
177,981
177,2121
177,657
177,3844
177,3845
177,8610
177,8803
177,8949
177,666
177,5123
177,5554
177,3243
177,4716
177,8162
177,7016
177,2133
177,7371
177,7373
177,5749
177,7857
177,3278
177,8631
177,2996
177,977
177,7621
177,7091
177,7714
177,4086
177,1276
177,2436
177,5578
177,986
177,4126
177,8978
177,7398
177,5019
177,5286
177,5583
177,4742
177,703
177,5878
177,2454
177,6995
177,8257
177,4452
177,4208
177,6513
177,8338
177,5023
177,1296
177,188
177,4162
177,6200
177,5303
177,5304
177,5893
177,3487
177,7417
177,3215
177,3601
177,5605
177,3603
177,2745
177,1418
177,7126
177,4173
177,7296
177,2544
177,9021
177,7622
177,3439
177,5463
177,7924
177,8058
177,1022
177,7435
177,3032
177,5047
177,1907
177,6847
177,3617
177,9056
177,4490
177,8194
177,7103
177,8704
177,7453
177,7973
177,1613
177,7154
177,2206
177,7459
177,7787
177,5347
177,3528
177,7162
177,4889
177,8282
177,6442
177,7888
177,3645
177,5840
177,6250
177,3080
177,1354
177,8094
177,6877
177,7797
177,6642
177,6197
177,9058
177,7802
177,2437
177,2512
177,8742
177,6850
177,7809
177,5648
177,8108
177,9320
177,2941
177,8915
177,4418
177,3954
177,5208
177,4622
177,3079
177,1663
177,802
177,2813
177,8038
177,4542
177,214
177,3115
177,7055
177,7514
177,3599
177,6297
177,6298
177,6618
177,1095
177,2261
177,2284
177,8066
177,3126
177,570
177,789
177,1249
177,8106
177,7840
177,6671
177,4556
177,8141
177,8779
177,8616
177,8781
177,1402
177,9443
177,9136
177,6925
177,9447
177,9353
177,3715
177,3138
177,7141
177,241
177,6016
177,1580
177,3718
177,3987
177,3710
177,2851
177,338
177,5504
177,6646
177,2665
177,3731
177,1520
177,8353
177,9476
177,540
177,2292
177,1893
177,4555
177,821
177,844
177,8810
177,9472
177,6660
177,7497
177,3698
177,9322
177,8935
177,1436
177,7884
177,5438
177,1622
177,2595
177,6252
177,2425
177,6043
177,4017
177,5449
177,9334
177,7536
177,3397
177,7265
177,6887
177,4613
177,4312
177,5742
177,7853
177,3985
177,7677
177,4728
177,7993
177,3457
177,6931
177,5758
177,8842
177,6320
177,3181
178,2803
178,1030
178,5019
178,7696
178,2498
178,6826
178,8753
178,3385
178,872
178,3369
178,2008
178,9294
178,3114
178,7787
179,3888
179,328
179,7275
179,3841
179,3360
179,6255
179,4363
179,7286
179,2302
179,3663
179,8700
179,4777
179,512
179,2684
179,6690
179,2454
179,8287
179,9070
179,6041
179,1300
179,5565
179,1338
179,3173
179,7624
179,3986
179,8733
179,3034
179,7787
179,3114
179,5330
180,2454
180,7435
180,8695
180,8498
180,5227
180,6994
180,9252
180,7679
180,4327
180,3236
180,858
180,8179
180,2705
180,9111
180,9328
180,2844
180,9452
180,3855
180,7787
180,5148
180,8353
180,8162
181,6252
181,6852
181,2766
181,8154
181,506
181,5495
181,7993
181,4260
181,5520
181,1680
181,5832
181,1928
181,5331
181,1103
181,8990
181,1049
181,6669
181,6117
181,8701
181,2359
181,7043
181,525
181,6599
181,9452
181,7417
181,5327
181,723
181,5504
181,2466
181,610
181,5259
181,9269
181,3277
181,8326
181,512
181,8553
181,6982
181,1163
181,8579
182,2319
182,9227
182,8250
182,3047
182,5881
182,1078
182,4728
182,6213
182,4927
183,3545
183,534
183,6559
183,1095
183,4027
183,4132
183,7322
183,2630
183,7194
183,7362
183,6568
183,8700
183,2209
184,9206
184,7720
184,4754
184,2498
184,4451
184,6451
184,7867
184,2998
184,9272
185,1901
185,3136
185,2425
185,1904
185,2498
185,3663
185,7787
185,3088
185,7894
185,1894
185,1069
185,7012
186,3187
186,6264
186,3224
186,7317
186,5913
186,8810
186,6540
186,4918
186,4252
186,2054
186,2347
186,8176
186,9105
186,2026
186,8864
186,5335
186,7082
186,3496
186,8252
186,5759
186,6767
186,8630
186,3572
186,4313
186,3208
186,3384
186,2249
186,7127
186,7091
186,5355
186,3826
186,2967
187,8806
9415,317
9415,7013
9415,8614
9415,8803
9415,1921
9415,1276
9415,3888
9415,3115
9433,3763
9433,1592
9433,5961
9433,6095
9433,7281
9433,1584
9433,7787
9433,8262
9433,6191
9433,485
9433,5090
9433,5846
9433,4927
189,7720
189,6825
189,6416
189,4042
189,8770
189,266
189,5729
189,1638
189,398
189,8614
189,8174
189,2839
189,7525
189,4449
189,3372
189,3849
189,715
189,1280
189,3023
189,7039
189,4057
189,8294
189,3491
189,2498
189,4121
189,5273
189,8262
189,9125
189,8013
189,7208
189,4393
189,1388
189,9463
189,7647
189,7280
189,7322
189,6800
189,9178
190,164
190,2498
190,9223
190,3663
190,8782
192,4035
192,4912
192,1166
192,6749
192,6379
192,3470
192,3617
192,2684
192,7286
192,6706
192,8175
192,4004
192,968
192,3545
192,3909
192,1218
192,3616
192,472
192,308
192,7453
192,4751
192,7744
192,7787
192,9009
192,8554
192,6723
192,3633
192,7157
192,2595
192,5346
192,5684
192,6870
192,9042
192,1490
192,3352
192,8392
192,3499
192,8089
192,3080
192,9096
192,8241
192,3834
192,4949
192,1202
192,2377
192,9384
192,4008
192,1638
192,4370
192,1363
192,2868
192,1642
192,2901
192,3517
192,8580
192,9432
192,8686
192,1374
192,3378
192,9233
192,8066
192,1722
192,3529
192,2973
192,4970
192,5239
192,3828
192,3830
192,1084
192,4568
192,2813
192,6511
192,9294
192,5111
192,3114
192,2116
192,1030
192,238
192,657
192,3168
192,1357
192,8284
192,3815
192,789
192,4106
192,6974
192,8618
192,5706
192,5556
192,7697
192,4586
192,5388
192,1997
192,8301
192,8933
192,5854
192,9165
192,872
192,6931
192,972
192,7086
192,7227
192,4133
192,3154
192,3989
192,6642
192,2274
192,4137
192,382
192,2008
192,5597
192,7216
192,6025
192,4595
192,1275
192,9296
192,6134
192,1424
192,7664
192,8810
192,9303
192,6277
192,7401
192,6187
192,6349
192,8380
192,7404
192,7309
192,2733
192,5029
192,563
192,7373
192,2515
192,9086
192,9194
192,2600
192,6822
192,116
192,721
192,7265
192,8555
192,3317
192,5897
192,5605
192,4315
192,3994
192,9088
192,1905
192,8521
192,9478
192,3139
192,2867
193,436
193,7275
193,4038
193,2914
193,6989
193,7278
193,3900
193,3771
193,8369
193,748
193,2684
193,8287
193,3775
193,4927
193,7276
193,2353
193,7617
193,1771
193,2206
193,3633
193,7459
193,2209
193,9206
193,7787
193,4939
193,1490
193,9057
193,6652
193,3645
193,5875
193,1691
193,2221
193,8094
193,3097
193,9058
193,1638
193,9227
193,7844
193,8742
193,9390
193,1644
193,3903
193,8954
193,4360
193,2666
193,2941
193,2389
193,3820
193,3617
193,3828
193,3386
193,5388
193,9188
193,5687
193,2816
193,8700
193,5540
193,3173
193,1095
193,789
193,4004
193,2980
193,7840
193,2839
193,378
193,7536
193,672
193,8301
193,2425
193,1844
193,3138
193,8262
193,5565
193,1276
193,6020
193,7103
193,2813
193,1436
193,4298
193,7038
193,6041
193,7797
193,2177
193,5893
193,721
193,7749
193,7993
193,1156
193,7900
194,5042
194,6294
194,7924
194,2914
194,3032
194,5507
194,7275
194,3617
194,8215
194,4556
194,8141
194,7216
194,3138
194,5148
194,2998
194,472
194,821
194,8453
194,5710
194,607
194,1771
194,8080
194,4788
194,8071
194,7787
194,1095
194,8262
194,4001
194,106
194,6646
194,6798
194,5943
194,8103
194,776
194,4101
194,1691
194,2284
194,980
194,7724
194,8810
194,5423
194,4918
194,6741
194,1285
194,1638
194,5895
194,2298
194,4298
194,413
194,8665
194,7043
194,7496
194,116
194,721
194,7213
194,8090
194,4315
194,6661
194,8287
194,5565
194,8842
194,6764
194,7718
194,7900
7838,7787
7838,7254
7838,1094
7838,5875
196,1201
196,8739
196,8454
196,2918
196,1526
196,5546
196,4008
196,7747
196,5897
196,6931
196,8230
196,9076
196,1017
196,7844
196,9209
196,5589
196,8301
196,2813
196,3093
196,6835
196,855
197,1638
197,7787
197,8262
197,8700
197,2395
199,4838
199,6534
199,4110
199,7913
199,7720
199,2498
199,4042
199,2791
199,4289
199,5548
199,9227
199,1836
199,2980
199,8992
199,5091
199,7787
199,3783
199,1370
199,6564
199,2300
199,1120
199,1145
199,4137
199,1905
199,3388
199,7350
200,6991
200,8242
200,1758
200,5054
200,5841
200,4684
200,4927
200,3204
200,343
200,607
200,1771
200,456
200,2917
200,9359
200,5327
200,9057
200,5923
200,5506
200,1200
200,5129
200,4792
200,5659
200,6678
200,6572
200,4008
200,7802
200,5293
200,2659
200,5090
200,3669
200,5372
200,3742
200,3097
200,3430
200,9287
200,4971
200,4537
200,2964
200,2811
200,3386
200,3115
200,2258
200,2823
200,3842
200,6147
200,953
200,1533
200,8610
200,2980
200,3601
200,1837
200,3414
200,4843
200,674
200,7542
200,5749
200,4130
200,7227
200,6638
200,3623
200,6713
200,8262
200,6939
200,2006
200,7091
200,2293
200,1820
200,8023
200,8322
200,6471
200,4154
200,1026
200,858
200,2874
200,358
200,5449
200,7685
200,5893
200,721
200,570
200,145
200,6836
200,7900
200,8519
200,9331
200,9494
200,5242
200,3041
201,5145
201,4038
201,2481
201,700
201,3264
201,8750
201,4847
201,2356
201,2980
201,2234
201,422
201,7215
201,4451
201,9206
201,2816
201,4754
201,2669
201,2602
201,2281
201,5893
201,6522
201,7936
201,9272
201,8753
201,7787
201,6652
201,2684
201,7867
201,6451
201,7802
202,6043
202,9388
202,7297
202,8173
202,5650
202,3173
202,6741
202,7087
202,4927
202,9206
202,7787
202,7739
202,8055
202,2452
202,4518
202,9057
202,7772
202,6671
202,9403
202,3575
202,5210
203,7982
203,4486
203,6197
203,7787
203,1900
203,6163
203,9475
203,5683
203,497
203,628
203,4347
203,6126
204,3080
204,6294
204,7275
204,5427
204,1095
204,9120
204,789
204,7158
204,8119
204,2684
204,6904
204,7373
204,3751
204,607
204,5893
204,8080
204,2498
204,7787
204,4413
204,3034
204,430
204,9285
204,1490
204,6652
204,2567
204,2434
204,1276
204,7265
205,2803
205,6875
205,6690
205,4440
205,902
205,5158
205,2727
205,7815
205,5326
205,3378
206,1638
206,7787
206,2064
206,7286
206,4158
206,3032
206,3722
206,6535
206,566
206,4533
207,8360
207,7901
207,8487
207,4042
207,7280
207,4008
207,7362
207,8614
207,891
207,4814
207,4057
207,8785
207,7216
207,3275
207,1336
207,6562
207,5893
207,2498
207,4121
207,7787
207,5533
207,6284
207,1560
208,3043
208,7924
208,4038
208,3188
208,3032
208,5666
208,9183
208,1909
208,2684
208,303
208,8053
208,2081
208,4192
208,7088
208,2998
208,9354
208,3579
208,343
208,1931
208,7296
208,2498
208,6868
208,4788
208,6280
208,7787
208,2646
208,1498
208,2513
208,237
208,8786
208,7951
208,3085
208,5742
208,4370
208,1642
208,4043
208,8411
208,5625
208,5380
208,4418
208,941
208,5974
208,6904
208,802
208,9344
208,513
208,5893
208,7764
208,3117
208,7834
208,8614
208,8450
208,5706
208,9018
208,8162
208,8541
208,8301
208,6478
208,3138
208,3760
208,8630
208,4133
208,2145
208,8262
208,2675
208,8217
208,4430
208,7216
208,4734
208,7724
208,8980
208,8810
208,848
208,9149
208,3852
208,4008
208,879
208,8992
208,3496
208,6041
208,6201
208,8436
208,4551
208,7540
208,2037
208,5458
208,8519
208,4469
208,1898
209,2896
209,4009
209,5470
209,3900
209,6982
209,8254
209,5774
209,3258
209,8873
209,4499
209,1338
209,1288
209,7458
209,7459
209,5062
209,4063
209,2782
209,8392
209,3797
209,685
209,3360
209,7136
209,4514
209,9384
209,6966
209,8266
209,5663
209,467
209,923
209,3480
209,3500
209,6752
209,4460
209,6360
209,3100
209,7348
209,5124
209,4825
209,8012
209,4829
209,8598
209,3537
209,4696
209,3114
209,1030
209,9309
209,1095
209,7835
209,9432
209,7362
209,9101
209,4555
209,6310
209,6469
209,3851
209,8184
209,2352
209,6925
209,2298
209,5710
209,3139
209,5144
209,3987
209,7707
209,7861
209,8158
209,5462
209,6334
209,9296
209,986
209,5551
209,4126
209,8649
209,2579
209,1861
209,1138
209,7569
209,3894
209,6505
209,6845
209,8183
209,8693
209,4454
209,5947
209,2984
209,4533
209,4162
209,2433
209,1300
209,7120
209,7511
209,8436
209,4500
209,6264
209,2289
209,6370
209,6685
209,1044
209,6060
209,5902
209,8056
209,3891
209,2360
210,7720
210,4008
211,7720
211,7913
211,9414
211,1987
211,919
211,7525
211,5548
211,4759
211,8614
211,1393
211,3706
211,7397
211,5523
211,8873
211,7702
211,4686
211,2498
211,7787
211,8431
211,2736
211,4533
211,5944
212,3080
212,6783
212,3223
212,6718
212,5178
212,5286
212,4279
212,1550
212,430
212,3828
212,7958
212,2684
212,6690
212,8587
212,7527
212,7787
213,4473
213,2081
213,5331
213,8388
213,3400
213,4042
213,2416
213,3874
213,6263
213,5719
213,7881
213,269
213,4981
213,2361
213,2800
213,8282
213,4887
213,519
213,3604
213,5728
213,2602
213,9453
213,1470
213,5335
213,7193
213,7787
213,2848
213,7901
213,2498
213,6410
213,6330
213,8468
213,7980
213,9161
213,270
214,4256
214,7275
214,4038
214,4626
214,6989
214,9021
214,2284
214,2684
214,2919
214,8287
214,5324
214,7844
214,4927
214,7453
214,7617
214,7787
214,972
214,7797
214,4133
214,9035
214,2145
214,2075
214,7633
214,8312
214,9057
214,6652
214,2665
214,3645
214,6250
214,2512
214,8153
214,844
214,9058
214,7802
214,1436
214,5087
214,3234
214,6749
214,7038
214,1072
214,1804
214,6041
214,1638
214,2941
214,6901
214,1276
214,5893
214,1580
214,8837
214,5388
214,2813
214,7661
214,8842
214,2816
214,6320
215,7908
215,8689
215,4259
215,6989
215,6991
215,1357
215,3617
215,7350
215,7287
215,6629
215,5849
215,8301
215,6779
215,8151
215,7620
215,6720
215,8361
215,7087
215,9206
215,7787
215,9360
215,7630
215,8882
215,1624
215,3691
215,2369
215,9300
215,8670
215,3014
215,1434
215,7125
215,1436
215,4008
215,6432
215,4348
215,1804
215,3950
215,8382
215,488
215,5382
215,7267
215,3783
215,718
215,2545
215,8191
215,7884
216,3034
216,9271
216,7562
216,2087
217,6098
217,8484
217,3782
217,2498
217,4839
217,5795
217,2980
217,5358
217,2800
217,4300
217,3498
217,9147
217,7130
217,7469
217,4624
217,9089
218,3363
218,2980
218,4555
218,7913
219,594
219,3088
219,726
219,1934
219,2291
1581,2083
1581,3173
1581,8301
1581,4038
1581,5565
1581,5576
1581,721
1581,9227
1581,8262
1581,8803
1581,9057
1581,7059
1581,8862
1581,5893
221,3223
221,1965
221,8939
221,5187
221,4428
221,3828
221,7958
221,977
221,3764
221,2100
221,6316
221,9101
1339,3269
1339,2816
1339,2980
1339,2319
1339,2574
3765,1423
3765,6784
3765,4751
3765,2914
3765,7787
3765,3755
3765,9057
3765,291
1357,3326
1357,9057
1357,3468
1357,4038
1357,6539
1357,7399
1357,8810
1357,3844
1357,7684
1357,6883
1357,1638
1357,9227
1357,8573
1357,2980
1357,9391
1357,422
1357,7216
1357,8992
1357,7468
1357,2998
1357,8162
1357,2030
1357,8301
1357,6118
1357,9484
1357,7784
1357,6322
1357,8262
1357,4313
1357,7787
1357,9116
1357,2250
1357,721
1357,3389
1357,8803
1357,3115
1357,7537
1357,6874
224,8035
224,7297
224,7521
224,8247
224,2791
224,7685
224,9017
224,5069
224,2832
224,7038
224,4920
224,1587
224,1618
224,2839
224,7052
224,3138
224,4927
224,7697
224,2634
224,7779
224,4722
224,8892
224,3372
224,6480
224,847
224,3633
224,2143
224,2209
224,4135
224,1734
224,5210
224,1490
224,9057
224,5893
224,7309
224,6835
224,3080
224,1994
224,2156
224,1202
224,2666
224,2159
224,8810
224,1273
224,3734
224,2656
224,5375
224,6288
224,3321
224,338
224,789
224,796
224,8104
224,8301
224,9197
224,7655
224,8954
224,2096
224,7797
224,4455
224,564
224,3379
224,7496
224,5747
224,630
224,3173
224,4759
224,5976
224,1668
224,4315
224,2108
224,5900
224,2872
224,8121
224,5110
224,3529
224,418
224,790
224,7980
224,3608
224,6227
225,1315
225,3173
225,7275
225,2914
225,1095
225,8282
225,3126
225,3264
225,6306
225,2980
225,3851
225,7011
225,5846
225,4851
225,2275
225,5410
225,5200
225,898
225,7787
225,4348
225,7278
225,8468
225,6855
225,5470
225,2145
225,8262
225,2675
225,6652
225,8803
225,1276
225,1629
225,1499
225,2533
225,3872
225,1638
225,9227
225,269
225,5904
225,5667
225,9031
225,2638
225,6041
225,3022
225,680
225,7047
225,2732
225,7190
225,5462
225,5893
225,5421
225,3032
225,4320
225,5458
225,4139
225,2816
225,1588
226,5728
226,1297
226,2425
226,5141
226,1453
226,2143
226,9206
226,8700
226,3234
226,5589
226,9290
227,3963
227,3593
227,6802
227,2738
227,1883
227,1831
227,6089
227,5160
227,9326
227,8978
227,7857
227,3360
227,4811
227,5573
227,7214
227,4542
227,2268
227,6837
227,8556
7843,1353
7843,9376
7843,1692
7843,7156
7843,6847
7843,2470
229,2791
229,7884
230,7787
230,1268
230,2684
230,2660
230,9462
230,9055
231,1644
232,1638
232,1276
232,6009
232,2159
232,7357
232,2791
232,6347
232,5667
232,4828
232,269
232,7286
232,2347
232,1837
232,2946
232,6003
232,3589
232,4927
232,1622
232,3854
232,1446
232,2501
232,8185
232,8335
232,5893
232,721
232,7787
232,3032
232,2145
232,5214
232,8992
232,8287
232,9057
232,5664
232,4981
232,6174
232,5444
232,5923
232,7537
232,7724
232,580
233,1638
233,7787
233,6281
233,9187
233,2839
233,7496
233,7867
233,7980
233,4927
234,648
234,2437
234,8085
234,7787
235,7787
235,3068
235,5421
235,5358
235,5568
236,7787
236,2145
236,3352
236,5798
236,5358
236,9241
4666,9206
4666,2145
4666,2452
4666,5115
4666,3352
238,1901
238,5358
238,7278
238,3900
238,9183
238,4008
238,687
238,2813
238,6509
238,5706
238,3854
238,7047
238,898
238,2533
238,2816
238,2498
238,5974
238,4320
238,9080
238,7787
238,2145
238,6281
238,4942
238,6652
238,8803
238,1276
238,7980
238,5875
239,7720
239,7684
239,4038
239,2914
239,8589
239,8591
239,4612
239,2743
239,7787
239,7630
239,414
239,4533
239,8992
240,291
240,7787
240,4074
240,2684
240,4038
240,4825
240,3032
240,9063
240,3173
240,7275
240,7286
241,1804
241,7924
241,4038
241,2914
241,6991
241,4957
241,789
241,3698
241,3473
241,2684
241,6995
241,666
241,2908
241,8141
241,5406
241,2353
241,7453
241,8301
241,7617
241,6931
241,2498
241,3633
241,2919
241,9206
241,7787
241,8559
241,2665
241,4889
241,5229
241,1520
241,5875
241,6250
241,7514
241,7720
241,5458
241,1202
241,1501
241,5388
241,3875
241,8991
241,7802
241,3088
241,188
241,2452
241,2454
241,8742
241,7038
241,9058
241,4963
241,3373
241,9070
241,7797
241,2941
241,5096
241,8066
241,8287
241,9476
241,3601
241,1580
241,7016
241,6020
241,802
241,2813
241,1436
241,2686
241,2321
242,8753
242,6535
242,4439
242,4723
242,9224
242,3363
242,9340
242,680
242,9206
242,7787
242,8899
242,6281
242,1975
242,4451
242,8448
243,7968
243,846
243,675
243,6419
243,6989
243,4500
243,3007
243,6322
243,3601
243,5122
243,7787
243,727
243,7142
243,1537
243,5388
243,9105
243,6232
243,9416
243,6312
243,3480
244,294
244,5381
244,9319
244,3628
244,7638
244,5450
244,3050
244,8261
244,2268
244,7733
244,2262
244,4748
244,3606
244,8916
244,3630
244,3172
244,1421
244,770
245,7720
245,7275
245,3628
245,6618
245,5102
245,7787
245,2684
245,7040
245,5688
245,288
245,6195
245,7373
246,4275
247,4218
247,5381
247,255
247,7944
247,6874
247,5083
247,631
247,6815
247,3336
247,4927
247,6878
247,5881
247,4751
247,9114
247,9165
247,2281
247,5679
247,2881
247,6652
247,7492
247,8753
247,7787
247,4538
247,6731
247,9227
247,9057
247,8121
247,4728
247,3499
247,4533
247,2816
247,619
247,8355
248,4362
248,639
248,1984
248,3526
248,5676
248,7521
248,6424
248,7685
248,4517
248,5027
248,7382
248,2413
248,1212
248,7108
248,3234
248,5901
248,8266
248,2719
248,1588
248,3966
248,8800
249,5800
249,1276
249,7278
249,6678
249,5033
249,933
249,9155
249,1638
249,1837
249,6174
249,7968
249,1256
249,526
249,5893
249,1150
249,795
249,6652
249,8803
249,7310
249,2816
249,3324
249,3572
250,1901
250,8935
250,4038
250,2914
250,990
250,6522
250,1168
250,7685
250,3663
250,1638
250,1436
250,5710
250,8461
250,4912
250,2636
250,5521
250,2425
250,7715
250,2498
250,7787
250,8924
250,1556
250,3900
250,6652
250,8614
250,1276
250,9354
251,8539
251,4038
251,5470
251,3900
251,5187
251,1759
251,2684
251,4490
251,8287
251,2629
251,2063
251,5335
251,3481
251,4344
251,2501
251,2206
251,7936
251,7011
251,1931
251,7162
251,2915
251,8231
251,6093
251,1938
251,2284
251,3223
251,6270
251,3655
251,1503
251,6288
251,5811
251,2512
251,3499
251,1957
251,2666
251,4602
251,1654
251,6306
251,9080
251,2963
251,3473
251,6284
251,4538
251,2813
251,3114
251,8086
251,3845
251,9055
251,2520
251,789
251,7362
251,5842
251,2980
251,514
251,7077
251,922
251,2084
251,4996
251,3136
251,9114
251,5605
251,8305
251,4912
251,4133
251,8470
251,3221
251,4139
251,1520
251,5286
251,4918
251,1291
251,1665
251,7404
251,6505
251,2591
251,666
251,2172
251,6878
251,8789
251,116
251,1455
251,1580
251,7993
251,2864
251,5589
251,6665
252,9206
252,7787
252,3828
252,1550
252,1426
252,7527
252,2242
252,915
252,4161
252,1909
253,7787
254,9105
254,2842
254,5640
254,1306
254,4038
254,4284
254,1428
254,7208
254,3673
254,5331
254,2929
254,4017
254,3480
254,5966
254,518
254,9033
254,6041
254,6925
254,8301
254,2636
254,7787
254,4615
254,8582
254,4461
254,6535
254,6322
254,3633
254,8753
254,6235
254,6682
254,8230
254,6366
254,4939
254,1195
254,9382
254,1871
254,6563
1123,1901
1123,7275
1123,2914
1123,3900
1123,8611
1123,4847
1123,4490
1123,2839
1123,4004
1123,3138
1123,4280
1123,1402
1123,8162
1123,7373
1123,7787
1123,1771
1123,1927
1123,4927
1123,2159
1123,3534
1123,9057
1123,6652
1123,1276
1123,3080
1123,1561
1123,7028
1123,2580
1123,7727
1123,8498
1123,1638
1123,5084
1123,4298
1123,8742
1123,5667
1123,9391
1123,1515
1123,422
1123,7496
1123,3173
1123,2743
1123,3179
1123,3181
1123,2813
1123,8842
1123,2816
1123,878
256,721
256,6539
256,7303
256,7521
256,4042
256,4408
256,7442
256,8136
256,5783
256,7216
256,1049
256,8782
256,7775
256,9057
256,7296
256,6564
256,9120
256,9206
256,7787
256,8262
256,8992
256,8468
256,7602
256,1187
256,460
256,4732
256,7559
256,2436
256,1561
256,8893
256,8519
256,8810
256,3363
256,7326
256,8842
256,1638
256,3234
256,342
256,8106
256,8425
256,3097
256,278
256,9402
256,3173
256,1453
256,4622
256,4971
256,6281
256,3012
256,4541
256,6612
257,3540
257,4033
257,4038
257,7913
257,2918
257,3844
257,7963
257,302
257,7141
257,2839
257,228
257,3178
257,8780
257,4927
257,4052
257,4929
257,8301
257,4568
257,9057
257,7296
257,2498
257,7787
257,9058
257,8262
257,6870
257,3745
257,1490
257,9128
257,4139
257,8803
257,3727
257,7720
257,1056
257,7127
257,2951
257,8810
257,2375
257,3363
257,405
257,4008
257,3581
257,1638
257,4154
257,3811
257,858
257,372
257,2385
257,3924
257,2086
257,6084
257,5893
257,8076
257,6602
257,8677
257,5634
257,2303
257,2025
257,2816
257,3317
257,6568
258,9206
259,5208
260,7787
260,4042
260,4451
260,8554
260,6393
261,5145
261,5773
261,8301
261,2914
261,5650
261,571
261,7461
261,2452
261,3771
261,9206
261,3850
261,2572
261,8037
262,5467
262,7275
262,4912
262,2914
262,7297
262,8281
262,2498
262,325
262,789
262,2194
262,4042
262,2985
262,2684
262,4981
262,2839
262,8287
262,4557
262,3338
262,1550
262,2560
262,4038
262,6477
262,3072
262,2281
262,6989
262,5485
262,4927
262,1342
262,7787
262,2145
262,587
262,3529
262,1855
262,9057
262,2716
262,4818
262,5798
262,9227
262,5867
262,1423
262,1664
262,2816
262,3352
262,6537
262,1638
262,6652
262,8815
262,2944
262,1642
262,8700
262,4450
262,3237
262,8992
262,2605
262,7802
262,8040
262,4754
262,7184
262,6034
262,5528
262,3173
262,3900
262,4508
262,6903
262,5982
262,2864
262,8614
262,9254
262,5893
262,9417
5793,4754
5793,422
5793,7543
5793,5057
7143,8266
7143,9481
7143,2262
7143,678
7143,4493
7143,1735
7143,6629
7143,4518
7143,2984
266,6122
266,9309
266,4042
266,4774
266,6149
266,1910
266,5052
266,2557
266,2684
266,5545
266,9105
266,4191
266,4192
266,3415
266,7697
266,8006
266,6115
266,2130
266,767
266,7011
266,7787
266,7082
266,2518
266,7714
266,191
266,5422
266,8644
266,7640
266,5156
266,4949
266,4001
266,6499
266,6031
266,8040
266,8991
266,7036
266,5419
266,6303
266,6751
266,8180
266,1550
266,1142
266,5298
266,1143
266,9052
266,5523
266,1815
266,5599
266,8111
266,8152
266,7348
266,6050
266,2159
266,3247
266,5455
266,7540
266,7588
266,7672
266,3663
266,4975
266,4965
266,1749
9164,5281
9164,8925
9164,2370
9164,3663
9164,8266
9164,8614
9164,4555
9164,893
9164,1619
9164,6925
9164,3378
9164,4965
9164,116
9164,2498
9164,1584
9164,8686
9164,5533
9164,9492
9164,4533
9164,418
9164,1274
267,7275
267,953
267,1909
267,3663
267,850
267,8687
267,4370
267,435
267,3234
267,1440
267,3976
267,7884
267,902
267,5133
267,5388
267,2669
267,7373
267,568
267,9228
267,5035
267,2630
267,9206
267,7787
267,2145
267,3830
267,382
267,3034
267,3455
267,943
267,3114
267,7350
268,4125
268,3828
268,7958
268,9310
268,7527
268,4161
269,4033
269,1901
269,4036
269,6067
269,4986
269,9453
269,1755
269,7603
269,2663
269,7921
269,2908
269,9193
269,4927
269,4052
269,7093
269,4929
269,3483
269,2636
269,898
269,899
269,4377
269,4551
269,1852
269,7011
269,5788
269,7278
269,2643
269,9057
269,4658
269,4818
269,5216
269,2366
269,4661
269,1276
269,331
269,426
269,7537
269,9405
269,5807
269,4139
269,3512
269,8516
269,2381
269,6749
269,341
269,2904
269,1218
269,8747
269,8911
269,7656
269,6435
269,8561
269,7968
269,4381
269,6119
269,1808
269,4383
269,5821
269,3528
269,2687
269,6275
269,4413
269,3855
269,6941
269,8924
269,8777
269,2213
269,7710
269,7347
269,4460
269,3529
269,8556
269,6915
269,76
269,2221
269,8280
269,657
269,2930
269,2791
269,2854
269,8610
269,8287
269,374
269,4991
269,7077
269,7145
269,3973
269,4716
269,7697
269,674
269,4684
269,2426
269,5270
269,4875
269,2016
269,1553
269,8428
269,4341
269,5005
269,5862
269,8632
269,7714
269,6174
269,8017
269,67
269,7720
269,695
269,1862
269,2634
269,1564
269,5573
269,2546
269,1285
269,1665
269,4153
269,8329
269,2733
269,6812
269,8335
269,7346
269,6512
269,2143
269,4217
269,7797
269,2175
269,4236
269,7745
269,2816
269,5893
269,7619
269,9228
269,9006
269,4803
269,5286
269,8708
269,9331
269,5311
269,5613
269,4768
269,4473
269,3918
269,7297
269,7306
269,1320
269,9023
269,746
269,3173
269,7443
269,4110
269,2684
269,1603
269,2195
269,5633
269,6509
269,7779
269,6237
269,1337
269,4498
269,3589
269,4496
269,2501
269,4791
269,7092
269,4519
269,8090
269,1629
269,1002
269,3845
269,1355
269,524
269,3964
269,6678
269,3999
269,9384
269,830
269,475
269,6652
269,7420
269,782
269,4811
269,4043
269,5667
269,9394
269,1073
269,7946
269,9187
269,1075
269,7047
269,4708
269,9402
269,2601
269,5974
269,7193
269,3503
269,5683
269,5237
269,7730
269,4051
269,6906
269,5780
269,9003
269,2823
269,2497
269,506
269,3694
269,508
269,3126
269,5398
269,2266
269,7191
269,5702
269,2836
269,4613
269,8949
269,6624
269,2269
269,3917
269,8452
269,4851
269,1108
269,8460
269,9353
269,5141
269,798
269,529
269,4607
269,6936
269,2600
269,6019
269,8545
269,1226
269,8803
269,2293
269,8244
269,5723
269,7126
269,1638
269,8121
269,1408
269,8172
269,7098
269,8652
269,6033
269,1351
269,7497
269,9476
269,7571
269,3741
269,1896
269,3463
269,7258
269,5444
269,8702
269,7787
269,8687
269,5447
269,5108
269,8506
269,5364
269,5904
269,8760
269,9165
269,7180
269,1150
269,8513
269,4315
269,8521
269,9162
269,8468
269,6982
269,4320
269,7477
270,7275
270,3205
270,2914
270,3844
270,7685
270,4550
270,9187
270,2684
270,4413
270,5095
270,6909
270,9354
270,6925
270,7926
270,6045
270,2426
270,3715
270,2360
270,7935
270,7787
270,6991
270,9116
270,4137
270,9057
270,4139
270,1495
270,7630
270,3801
270,9219
270,8210
270,9384
270,5227
270,6369
270,7525
270,3373
270,1293
270,6672
270,8781
270,3884
270,1640
270,2460
270,8589
270,5893
270,2797
270,1584
270,67
270,8121
270,6781
270,4533
270,2113
270,7299
270,7564
271,7787
271,3318
271,300
271,3889
271,1941
272,5385
272,8238
272,8649
273,5616
273,430
273,5468
273,3722
273,1771
273,6695
273,4428
274,3178
274,7132
274,1739
275,3540
275,1019
275,2940
275,7766
275,2705
275,8171
275,2794
275,3022
275,723
275,7192
275,3384
275,7915
275,2503
275,4374
275,6780
275,8916
275,9235
275,3041
276,9206
276,7787
276,2452
276,6618
276,4104
276,5067
276,2865
277,1600
277,4361
277,1712
277,3721
277,8577
277,7175
277,8842
277,9322
277,4754
277,6926
277,2361
277,1400
277,8287
277,6003
277,4522
277,6470
277,2638
277,5884
277,7001
277,7889
277,7453
277,3275
277,9000
277,3138
277,3068
277,1886
277,9206
277,7787
277,2145
277,2360
277,9173
277,5308
277,8023
277,1721
277,2839
277,4487
277,2816
277,2504
277,1087
278,8529
278,2914
278,7306
278,9021
278,1467
278,6076
278,7145
278,2134
278,4927
278,2998
278,9354
278,6237
278,2898
278,7159
278,760
278,5327
278,4788
278,8071
278,1486
278,2076
278,3794
278,6573
278,5495
278,8723
278,4218
278,3358
278,4792
278,7173
278,9057
278,7953
278,1638
278,9227
278,922
278,8908
278,3225
278,2983
278,5237
278,6759
278,4991
278,9412
278,2403
278,357
278,2816
278,360
278,3173
278,6553
278,8614
278,8139
278,960
278,3138
278,8782
278,1542
278,4566
278,7542
278,3224
278,9115
278,8836
278,5565
278,5003
278,8548
278,6821
278,8810
278,9290
278,6119
278,67
278,4593
278,1710
278,7399
278,5019
278,4918
278,848
278,5596
278,4298
278,740
278,2030
278,9320
278,2177
278,5893
278,721
278,3030
278,3032
278,4762
278,4315
278,9331
278,8250
279,1901
279,4912
279,4801
279,164
279,2498
279,4042
279,9223
279,3126
279,4744
279,8250
279,7525
279,3234
279,7011
279,4927
279,6200
279,7968
279,4963
279,4754
279,2914
279,898
279,2816
279,8468
279,6165
279,8782
279,8753
279,7787
279,2145
279,5264
279,460
279,3352
279,6652
279,8803
279,5955
279,1276
280,789
280,7787
280,2145
280,9206
280,617
280,6070
280,4927
280,3114
281,8899
281,7275
281,1594
281,3860
281,1130
281,2262
281,4244
281,3412
281,7787
281,6359
281,446
281,7286
281,7505
281,8196
281,1234
281,5421
281,9238
281,4454
281,6531
282,8935
282,654
282,2740
282,1114
282,9404
282,7326
282,4008
282,6366
282,444
282,8614
282,3722
282,2980
282,7216
282,4718
282,8378
7853,5247
7853,76
7853,1563
7853,2794
7853,7684
7853,8284
7853,4845
7853,6673
7853,5573
7853,7266
7853,695
7853,7996
7853,8961
7853,1684
7853,7368
7853,4341
7853,8545
7853,5296
7853,1075
7853,899
7853,5712
7853,143
7853,570
7853,2881
7853,8426
7853,3855
7853,5676
7853,512
7853,6406
7853,5685
7853,398
7853,1088
7853,7131
7853,5987
7853,8556
284,9206
284,8730
285,3722
285,7784
285,1752
285,654
285,4042
285,7685
285,2980
285,2929
285,8693
285,7216
285,7655
285,4927
285,1996
285,2064
285,2092
285,6535
285,9206
285,7787
285,2250
285,8597
285,2150
285,7477
286,3080
286,6379
286,7275
286,4038
286,5798
286,5667
286,9227
286,2684
286,2839
286,1950
286,9105
286,597
286,5846
286,4927
286,3854
286,8704
286,5893
286,7787
286,9057
286,4139
286,4154
287,5965
287,5363
287,2889
287,4655
287,843
287,5396
287,8938
287,6409
287,7964
287,5060
6258,5424
6258,401
6258,6718
6258,5178
6258,2160
6258,3828
6258,3663
6258,885
6258,7527
6258,1173
6258,7958
6258,2681
6258,8554
6258,9438
6258,7048
6258,1550
288,9296
288,5542
288,4038
288,917
288,5388
288,3830
288,1651
288,778
288,3998
288,9268
288,7125
288,435
288,6494
288,2262
288,1069
288,7040
288,6628
288,3500
288,1621
288,8470
288,3593
288,2390
288,8556
288,6787
288,7787
288,6535
288,5715
288,3383
288,449
288,1660
288,395
288,8352
288,6131
288,7308
288,6811
288,3606
288,195
288,8261
288,2780
289,5784
289,5545
289,5854
289,7058
290,8202
290,4912
290,2070
290,6567
291,4929
291,3297
291,931
291,899
291,9017
291,1302
291,2243
291,2375
291,1537
291,2209
291,3196
291,8572
291,5506
291,4010
291,3847
291,4215
292,9340
293,2369
293,5613
293,7473
293,3711
293,9058
293,789
293,4607
293,2684
293,7840
293,7191
293,8497
293,3745
293,7116
293,7617
293,2104
293,5893
293,8361
293,2143
293,8071
293,7787
293,1542
293,5565
293,357
293,3557
293,2753
293,4253
293,6874
294,652
294,5156
294,7275
294,7494
294,6718
294,3032
294,7834
294,4787
294,4277
294,7787
294,2435
294,7341
294,1644
294,7849
294,7683
294,7622
294,7900
294,770
295,1901
295,5358
295,3340
295,8810
295,4042
295,8027
295,4148
295,885
295,7208
295,746
295,789
295,4754
295,7525
295,7036
295,7527
295,5293
295,3352
295,6193
295,4912
295,1638
295,188
295,7524
295,8554
295,5342
295,3173
295,9120
295,2145
295,1550
295,8753
295,7787
295,3828
295,8262
295,1094
295,1490
295,2281
295,2716
295,8803
295,9021
295,5893
295,7802
296,3032
296,1173
296,2684
296,6925
296,6309
296,2813
296,3956
1591,3922
1591,4817
1591,4207
1591,2048
1591,2914
1591,7339
1591,6522
1591,1921
1591,8257
1591,8491
1591,3616
298,9192
298,6440
298,7297
298,3589
298,9335
298,2791
298,4828
298,2484
298,7747
298,1172
298,4777
298,7179
298,7826
298,4299
298,2025
298,2435
298,4198
298,5444
299,8753
299,8803
299,2145
299,4042
299,8365
9079,772
9079,8301
9079,6496
9079,4038
9079,2549
9079,5620
9079,5805
9079,2726
9079,3735
9079,5751
9079,4777
9079,3749
9079,481
9079,4852
9079,2423
9079,5417
9079,326
9079,1407
9079,1999
9079,2881
9079,3855
9079,4492
9079,9490
9079,4316
9079,5388
9079,2093
9079,7390
9079,8061
9079,6874
300,6097
300,5249
300,668
300,2914
300,6270
300,7602
300,6678
300,6500
300,3125
300,8498
300,4920
300,6818
300,4745
300,5236
300,4957
300,595
300,8779
300,7216
300,1049
300,8782
300,7710
300,3022
300,3301
300,7453
300,1075
300,3235
300,8992
300,527
300,7797
300,3209
300,2059
300,7787
300,6991
300,8353
300,9021
300,3722
300,8259
300,8226
300,7900
300,619
9324,1860
9324,7787
9324,1982
9324,3857
9324,6996
9324,2684
9324,7567
9324,6931
301,8723
301,8769
301,7280
301,8614
301,8174
301,1400
301,9126
301,8782
301,3378
301,4057
301,1614
301,8589
301,5342
301,2498
301,4121
301,9206
301,7787
301,2145
301,4527
301,5898
301,9178
301,7286
302,2044
302,3781
302,1883
302,8022
302,7301
302,7629
302,2296
302,1989
302,4139
302,9394
302,7612
302,4803
7889,1901
7889,3173
7889,654
7889,2914
7889,8468
7889,1025
7889,5769
7889,3126
7889,7765
7889,2980
7889,1618
7889,2436
7889,6003
7889,5706
7889,5846
7889,4927
7889,2998
7889,2743
7889,309
7889,1010
7889,5822
7889,1771
7889,6535
7889,2498
7889,3633
7889,2143
7889,4313
7889,2780
7889,7787
7889,2145
7889,460
7889,4527
7889,3000
7889,5573
7889,5355
7889,7216
7889,4042
7889,8723
7889,7720
7889,8893
7889,7724
7889,7685
7889,3734
7889,8781
7889,6418
7889,4446
7889,1638
7889,8250
7889,4298
7889,3234
7889,4957
7889,8700
7889,343
7889,1728
7889,3520
7889,7968
7889,5208
7889,7229
7889,5893
7889,721
7889,1087
7889,3822
7889,5680
7889,8753
7889,5379
7889,8810
7889,9461
7889,7127
7889,6926
7889,4904
7889,2753
7889,7900
303,1901
303,2736
303,6667
303,6045
305,721
305,2938
305,7749
305,4042
305,7525
305,1638
305,6926
305,3722
305,7216
305,8992
305,8782
305,3372
305,5342
305,6535
305,2498
305,9241
305,4121
305,2145
305,8262
305,8810
305,8614
305,8468
305,7900
305,3115
4675,346
4675,6200
4675,8810
4675,6899
4675,9146
4675,8513
4675,9206
4675,7787
4675,8262
4675,2684
4675,1601
4675,2733
4675,8803
4675,4927
4675,2218
4675,3096
307,7170
307,2479
308,8723
308,8753
308,2064
308,8810
308,7227
308,8262
308,7524
308,4313
308,2716
308,1638
308,685
308,815
308,4084
308,2904
309,8527
309,3221
309,6540
309,5702
309,2684
309,9408
309,3922
309,1999
309,9165
309,4174
309,9206
309,7787
309,2145
309,4505
309,8231
309,1492
309,2365
309,6678
309,6874
309,4435
309,3432
309,8121
309,2084
309,1358
309,6954
309,3458
309,3157
309,8331
309,5440
309,8954
309,6429
309,4017
309,9227
309,5822
309,5893
309,9272
309,3855
309,430
309,1972
309,6611
309,6980
309,2366
309,720
1891,7720
1891,3023
1891,8614
1891,2092
1891,4042
1891,5769
1891,8262
1891,8769
1891,7963
4676,8166
4676,7720
4676,4038
4676,4792
4676,4001
4676,6103
4676,1358
4676,4008
4676,475
4676,2980
4676,3722
4676,8952
4676,7216
4676,8992
4676,5308
4676,8301
4676,2916
4676,5761
4676,8010
4676,6322
4676,1698
4676,9206
4676,5560
4676,9057
4676,8614
4676,456
4676,3115
313,6280
313,7787
313,3828
313,343
313,8753
313,9057
313,7997
313,1771
313,6539
313,8700
313,9395
8089,7715
8089,2041
8089,6690
314,1638
314,9206
314,8262
314,2980
314,680
314,1094
314,4498
314,8810
314,8208
314,7061
314,4101
7861,2648
7861,9432
7861,1326
7861,9261
7861,1127
7861,3227
7861,8254
7861,7569
7861,7362
7861,9271
7861,6690
7861,3307
7861,6193
7861,3812
7861,2519
7861,3367
7861,1687
7861,3500
7861,6858
7861,2157
7861,116
7861,7011
7861,7136
7861,1971
7861,691
7861,6904
7861,7308
7861,418
7861,4696
7861,195
7861,3114
316,4526
316,3326
316,3097
316,7913
316,7720
316,8589
316,7521
316,6991
316,6506
316,7991
316,7301
316,789
316,2481
316,8781
316,2523
316,7602
316,9272
316,4348
316,1293
316,6643
317,1671
317,8276
317,1561
317,9297
317,1464
317,2932
317,3006
317,7326
317,6073
317,2452
317,8934
317,4190
317,6193
317,7216
317,2866
317,9354
317,1578
317,7972
317,8827
317,8136
317,460
317,7338
317,8842
317,4637
318,8753
318,8851
318,2145
318,4927
319,8406
319,9206
319,2452
319,5771
319,5140
319,5650
7862,6097
7862,7787
7862,2904
7862,5304
7862,5421
7862,5849
321,1515
321,4828
321,4741
321,9439
321,9137
321,6040
322,7720
322,6496
322,1688
322,7841
322,801
322,8810
322,8769
322,8287
322,2201
322,4882
322,2454
322,9028
322,7806
322,1540
322,3138
322,9149
322,2436
322,8259
322,7371
322,7617
322,4681
322,7787
322,6561
322,1156
322,1900
322,3722
322,8782
322,4537
322,8262
322,2852
322,5458
322,188
322,7453
322,2736
322,3349
322,9321
323,9206
323,7787
323,4754
323,2452
323,7233
323,5834
4679,2530
4679,3173
4679,8614
4679,8262
1594,4770
1594,328
1594,1556
1594,5470
1594,8086
1594,3860
1594,3207
1594,6616
1594,4244
1594,1550
1594,1978
1594,1384
1594,7304
1594,3234
1594,8718
1594,8693
1594,7835
1594,4013
1594,4394
327,4555
327,7127
328,5989
328,7759
328,2477
328,3340
328,9261
328,385
328,7624
328,3402
328,7362
328,8288
328,2700
328,1550
328,7859
328,3864
328,5115
328,965
328,4125
328,6858
328,8554
328,9118
328,5044
328,8631
328,7011
328,9206
328,3639
328,5265
328,8718
328,617
328,4161
328,1127
328,693
328,2648
328,7794
328,7398
328,5158
328,7567
328,7731
328,4193
328,3938
328,7036
328,6665
328,9064
328,8693
328,3719
328,7835
328,662
328,4092
328,4965
328,6193
328,3026
328,8395
328,8753
328,430
328,3828
328,574
328,4103
328,3834
328,6690
329,5358
329,8539
329,4893
329,6261
329,3873
329,2124
329,3663
329,5855
329,2484
329,8693
329,4038
329,7840
330,4963
330,5358
330,7275
330,2914
330,7720
330,1273
330,2498
330,4008
330,1638
330,7787
330,2145
330,8262
330,8662
330,3663
330,3722
331,1901
331,1300
331,4956
331,7278
331,426
331,2726
331,3126
331,4150
331,7191
331,2733
331,5667
331,6005
331,4377
331,4927
331,4851
331,2636
331,7968
331,1003
331,2816
331,8056
331,7047
331,3751
331,7120
331,5846
331,1338
331,898
331,9287
331,7011
331,7787
331,6264
331,8632
331,8803
331,4139
331,1276
331,5893
331,6652
333,7867
333,2914
334,8983
334,5366
334,2805
334,4766
334,8443
334,8821
6450,6066
6450,8125
336,2116
336,6273
336,7021
336,8559
336,6568
336,4590
336,769
337,5145
337,8341
337,2914
337,7278
337,657
337,5893
337,4150
337,9206
337,8803
337,6059
337,4139
337,8862
337,4927
338,3080
338,721
338,7205
338,5019
338,8694
338,4410
338,9227
338,1638
338,7125
338,7216
338,4927
338,7797
338,9199
338,3173
338,3453
338,9206
338,7958
338,9057
338,7477
338,6874
339,6041
339,5358
339,7125
339,7787
339,3173
339,1638
339,5568
339,2145
339,8262
339,2684
339,6432
339,2980
339,7216
339,5846
339,6670
340,7578
340,3363
340,6949
340,3663
340,7747
340,7787
340,2850
340,6964
340,7990
340,8803
340,4927
340,1619
340,4803
340,7828
341,1901
341,7278
341,7059
341,1061
341,5398
341,8632
341,6903
341,5904
341,8803
341,7191
341,3336
341,4191
341,4348
341,412
341,2533
341,1114
341,1276
341,5893
341,1470
341,4613
341,7787
341,8050
341,7715
341,6059
341,6652
341,7404
341,5355
341,2816
342,7393
342,8527
342,1446
342,4844
342,8900
342,5110
342,4671
342,7881
342,6926
342,6345
342,5666
342,6003
342,4736
342,3710
342,6399
342,3275
342,5269
342,1049
342,2879
342,643
342,6279
342,3604
342,8121
342,8614
342,2504
342,7477
343,3187
343,4038
343,2914
343,6383
343,5470
343,5798
343,6749
343,6431
343,2342
343,1173
343,5467
343,9190
343,8287
343,5045
343,7289
343,7002
343,601
343,2634
343,3163
343,3484
343,4644
343,6400
343,899
343,2621
343,8551
343,853
343,1337
343,5938
343,3271
343,1490
343,9057
343,6978
343,5215
343,1789
343,5992
343,4361
343,2371
343,3224
343,6023
343,3509
343,2378
343,2659
343,4907
343,2048
343,2068
343,6989
343,7290
343,6114
343,2976
343,6049
343,5236
343,4186
343,3529
343,1518
343,6435
343,8262
343,2678
343,7054
343,5241
343,8012
343,6020
343,1508
343,7980
343,5540
343,7985
343,2973
343,8605
343,847
343,1814
343,5253
343,9179
343,6133
343,9266
343,2412
343,2980
343,8949
343,2713
343,1249
343,3851
343,1540
343,4716
343,7081
343,1542
343,9080
343,674
343,6784
343,8301
343,2425
343,6787
343,4615
343,679
343,2140
343,6998
343,7399
343,1971
343,8312
343,4139
343,3570
343,7097
343,987
343,6816
343,8024
343,6471
343,1567
343,1285
343,4643
343,6715
343,2168
343,4452
343,662
343,5694
343,7824
343,5893
343,5346
343,3601
343,8741
343,1418
343,805
343,8683
343,9014
343,1898
343,9334
343,2360
343,4298
343,6534
343,8734
343,1903
343,8365
343,7306
343,3617
343,2684
343,1916
343,7358
343,968
343,6478
343,7447
343,3864
343,3841
343,6646
343,4677
343,6859
343,5930
343,1614
343,6203
343,2209
343,7787
343,7463
343,4065
343,4014
343,5199
343,2791
343,774
343,8096
343,7574
343,9058
343,6099
343,3087
343,9485
343,9076
343,5657
343,8742
343,786
343,5370
343,1073
343,5095
343,1652
343,1075
343,8749
343,2533
343,8113
343,2536
343,1078
343,8285
343,4622
343,1969
343,798
343,9413
343,6497
343,116
343,2813
343,5550
343,5687
343,7743
343,2816
343,9161
343,8127
343,4555
343,1531
343,6415
343,2260
343,8856
343,6741
343,500
343,4815
343,789
343,7191
343,4281
343,7840
343,7841
343,2839
343,4556
343,6626
343,8780
343,3917
343,4280
343,3849
343,7871
343,6925
343,6005
343,3203
343,6317
343,2845
343,819
343,2254
343,8470
343,2455
343,525
343,5298
343,7453
343,9131
343,4974
343,8353
343,3896
343,9078
343,848
343,4566
343,519
343,9152
343,8192
343,1406
343,3742
343,8247
343,7460
343,5443
343,6671
343,3750
343,7179
343,1145
343,8509
343,5170
343,3173
343,4613
343,7913
343,5270
343,5239
343,7899
343,7297
343,6342
343,1721
343,5759
343,5169
343,8835
343,4958
9363,7787
9363,6334
9363,4003
9363,4487
9363,2638
9363,9264
9363,4835
9363,2433
344,4424
344,1829
344,188
344,541
344,7787
344,3032
344,3173
344,5358
344,5218
344,4612
344,4330
344,8673
344,3142
344,5148
344,2684
344,7286
344,6572
344,8046
344,7275
344,9291
344,3211
345,8301
345,4038
345,8810
345,5388
345,7326
345,9265
345,9342
345,8262
345,1439
345,7850
345,6816
345,2293
345,3115
346,2733
346,3166
346,8810
346,5388
346,1638
346,2980
346,4555
346,7301
346,8992
346,4927
346,1402
346,8162
346,4424
346,6200
346,5487
346,5565
346,5893
346,8827
346,8513
346,9206
346,7787
346,8262
346,3038
346,7296
346,4139
346,8803
346,876
346,7980
346,7900
347,1901
347,2172
347,5467
347,364
347,7601
347,438
347,3127
347,6652
347,8250
347,3163
347,4004
347,4189
347,4377
347,2636
347,7968
347,8730
347,3751
347,7047
347,4385
347,898
347,3088
347,7787
347,5148
347,460
347,4139
347,8803
347,2736
347,6571
347,1276
347,6212
9455,612
9455,2917
9455,7130
349,1901
349,2816
349,3625
349,4001
349,9200
349,3722
349,5893
349,4747
349,1763
349,7011
1599,9206
1599,6523
1599,3223
1599,4957
1599,6568
1599,4590
351,1911
351,7125
351,5220
351,4546
351,8614
351,2498
351,5313
6201,1901
6201,5540
6201,3363
6201,8296
6201,2759
6201,8935
6201,4547
6201,1755
6201,9423
6201,8247
6201,6652
6201,3088
6201,5331
6201,3336
6201,7077
6201,6045
6201,3751
6201,2846
6201,2816
6201,4385
6201,898
6201,6826
6201,7894
6201,7011
6201,1777
6201,1231
6201,3975
6201,5388
6201,8632
6201,8559
6201,1276
6201,4555
6201,3456
4683,4355
4683,7924
4683,3841
4683,6989
4683,3032
4683,8124
4683,6678
4683,953
4683,5358
4683,5022
4683,5189
4683,5956
4683,2451
4683,9063
4683,411
4683,8031
4683,6797
4683,1538
4683,8452
4683,3239
4683,6669
4683,6339
4683,6270
4683,8342
4683,2841
4683,5846
4683,5893
4683,7797
4683,8189
4683,2143
4683,619
4683,8328
4683,7787
4683,591
4683,8052
4683,1094
4683,2684
4683,1528
4683,5984
4683,718
4683,4038
4683,8981
354,8425
354,7787
354,3884
354,2684
354,2816
354,6652
354,2084
354,3173
354,1276
354,9058
6225,5358
6225,7369
6225,2980
6225,2405
6225,3234
6225,4903
6225,6535
6225,7715
6225,5372
6225,1854
6225,1548
355,9336
355,7764
355,2914
355,6989
355,7303
355,7521
355,1008
355,3673
355,7654
355,6195
355,2904
355,6465
355,4981
355,4555
355,5123
355,9105
355,3178
355,4341
355,821
355,1110
355,5199
355,4722
355,4039
355,1460
355,8224
355,1115
355,7934
355,2919
355,7787
355,5148
355,6728
355,3215
355,6320
355,5573
355,5574
355,1276
355,9321
355,2574
355,3080
355,1688
355,774
355,2816
355,3007
355,9146
355,6797
355,6034
355,5296
355,7988
355,7433
355,5666
355,8700
355,755
355,2872
355,9316
355,7800
355,1652
355,7337
355,5676
355,790
355,5893
355,4611
355,6652
355,2931
355,8837
355,5388
355,6643
355,718
355,2113
355,8103
356,1638
356,6653
356,1499
356,8873
356,3161
356,2067
356,8285
356,7418
356,3921
356,7787
356,8262
356,6438
356,116
356,1624
356,6119
356,858
356,9206
8315,6514
8315,2362
8315,4099
8315,2953
8315,7840
8315,4336
8315,6989
8315,6255
8315,6312
8315,8805
357,6379
357,2081
357,6989
357,8695
357,5054
357,2684
357,9361
357,4004
357,8734
357,1698
357,2353
357,5145
357,6237
357,7781
357,2360
357,3347
357,2499
357,8071
357,9206
357,7159
357,1488
357,977
357,5794
357,2919
357,4939
357,3080
357,4080
357,3358
357,7056
357,1688
357,4957
357,6324
357,830
357,9058
357,8101
357,4607
357,5227
357,6749
357,8842
357,7714
357,5613
357,8106
357,8954
357,2854
357,931
357,6756
357,2753
357,619
357,3079
357,808
357,8023
357,2403
357,9086
357,2816
357,6119
357,360
357,2034
357,9348
357,2823
357,5075
357,1095
357,812
357,2832
357,5702
357,1979
357,3703
357,3978
357,1839
357,3325
357,7629
357,7700
357,6373
357,6480
357,2143
357,8308
357,5003
357,8548
357,8606
357,1268
357,9288
357,8803
357,2665
357,8259
357,5723
357,2011
357,3061
357,8121
357,7723
357,7399
357,8810
357,7250
357,6347
357,5685
357,9152
357,858
357,4303
357,4208
357,6040
357,6874
357,4017
357,4241
357,8185
357,8470
357,1453
357,2107
357,4762
357,6642
357,7899
357,9331
357,4904
357,2965
357,790
357,7711
6012,6418
6012,7723
6012,6366
6012,5893
6012,7524
6012,3126
6012,1285
6012,8753
6012,7787
6012,2145
6012,9057
6012,4927
6012,4751
359,364
359,222
359,2498
359,5798
359,4538
